"(u'd', u'ae')",z,2
"(u'r', u'dh')",ah,2
"(u'g', u'ae')",r,14
"(u'r', u'z')",ih,3
"(u'r', u'ey')",m,2
"(u'ow', u'ae')",m,1
"(u'w', u'm')",ih,4
"(u'er', u'ae')",hh,1
"(u'er', u'iy')",l,3
"(u'ae', u'jh')",n,1
"(u'm', u'aa')",d,1
"(u'iy', u'p')",ah,1
"(u'ae', u'k')",t,2
"(u'r', u'uw')",t,4
"(u'ch', u'z')",er,1
"(u'n', u'ah')",ah,1
"(u'iy', u'ih')",p,1
"(u'l', u'er')",ch,3
"(u'm', u'ah')",f,1
"(u's', u'iy')",w,3
"(u'ay', u'eh')",g,9
"(u'k', u'd')",uh,2
"(u'f', u'd')",er,1
"(u'ch', u'iy')",d,1
"(u'k', u'd')",ih,7
"(u'ah', u'dh')",d,1
"(u'z', u'r')",p,2
"(u'iy', u'er')",l,1
"(u'm', u'n')",ae,14
"(u'uw', u's')",z,1
"(u'ah', u'hh')",s,4
"(u'eh', u'p')",s,1
"(u'w', u'ay')",ey,4
"(u'm', u'k')",ah,2
"(u'er', u'ah')",ch,1
"(u'b', u'ay')",t,1
"(u'm', u'ae')",b,1
"(u'ng', u'jh')",k,1
"(u's', u'v')",ow,1
"(u'v', u'ey')",dh,1
"(u'n', u'jh')",d,2
"(u'uw', u'ae')",y,2
"(u'ng', u'ay')",l,1
"(u'uw', u'l')",aa,1
"(u'ae', u'ih')",t,8
"(u'ow', u'ah')",t,2
"(u'ah', u'p')",v,1
"(u'b', u't')",ay,1
"(u'y', u'ae')",uw,2
"(u'ow', u'n')",aa,1
"(u'ey', u'r')",d,1
"(u'm', u'r')",ae,9
"(u'er', u'ay')",l,1
"(u't', u'ah')",t,4
"(u'f', u'eh')",ay,2
"(u't', u'ow')",y,2
"(u'm', u'eh')",z,2
"(u'er', u'ih')",r,1
"(u'ey', u'g')",er,4
"(u'ch', u'n')",ay,2
"(u'z', u't')",ay,2
"(u'er', u'f')",d,1
"(u'ih', u'ow')",k,1
"(u'iy', u'g')",z,4
"(u'uh', u'dh')",l,2
"(u'y', u'd')",er,1
"(u'n', u'ow')",iy,1
"(u'm', u'k')",ih,2
"(u'ey', u'p')",z,1
"(u'v', u'ay')",s,2
"(u'k', u'ih')",hh,4
"(u'd', u'ay')",d,1
"(u'ow', u't')",r,30
"(u'ae', u'f')",m,3
"(u'ey', u'er')",n,7
"(u'zh', u'l')",ah,1
"(u'n', u'd')",d,5
"(u's', u'ow')",jh,1
"(u'n', u'k')",d,7
"(u'n', u'er')",p,3
"(u'g', u'ay')",r,2
"(u'iy', u'ow')",n,3
"(u'n', u'dh')",t,1
"(u'el', u'aw')",hh,1
"(u'n', u'ey')",t,1
"(u'ay', u'd')",ay,2
"(u'ay', u'iy')",m,36
"(u's', u'ih')",th,3
"(u'ih', u'ih')",g,1
"(u'eh', u'ah')",v,5
"(u'hh', u'd')",ae,13
"(u't', u'z')",er,4
"(u'ch', u'l')",ay,6
"(u'r', u'r')",iy,1
"(u'r', u'th')",aa,1
"(u'ow', u'ay')",r,1
"(u'r', u'n')",ow,1
"(u'd', u'ah')",s,5
"(u'k', u'n')",ih,2
"(u'ah', u'jh')",m,2
"(u'er', u'p')",z,2
"(u'p', u'er')",m,2
"(u'ng', u'ae')",dh,5
"(u'y', u'y')",uw,2
"(u'b', u'b')",el,4
"(u'er', u'd')",ay,1
"(u't', u'p')",aa,1
"(u'd', u'z')",ih,4
"(u'aa', u'ah')",p,1
"(u'r', u'm')",ae,4
"(u'p', u'l')",uw,1
"(u'n', u'l')",k,2
"(u'k', u'eh')",s,2
"(u'k', u's')",t,5
"(u'ay', u'm')",ay,1
"(u'ae', u't')",n,5
"(u'z', u'ae')",uw,1
"(u'ch', u'ay')",t,2
"(u'b', u'r')",ow,3
"(u'ey', u'jh')",er,2
"(u'z', u'ah')",k,4
"(u'n', u'iy')",w,10
"(u't', u't')",ay,1
"(u'p', u'l')",ow,2
"(u'r', u's')",eh,1
"(u's', u'ah')",k,2
"(u'ah', u'eh')",dh,1
"(u'ae', u'aa')",s,1
"(u'n', u'v')",ah,8
"(u'd', u'f')",iy,2
"(u'w', u'n')",aa,7
"(u'l', u's')",ow,2
"(u'd', u'f')",er,1
"(u'n', u'b')",z,2
"(u'p', u'k')",eh,1
"(u'v', u'ih')",y,2
"(u's', u'ih')",ey,1
"(u't', u'ah')",s,3
"(u'v', u'ih')",l,2
"(u't', u'ae')",uw,3
"(u'r', u'eh')",dh,2
"(u'l', u'aa')",m,1
"(u'w', u'r')",ih,1
"(u'iy', u'p')",n,4
"(u'iy', u'er')",d,2
"(u'ah', u'ah')",r,12
"(u'iy', u'ae')",r,2
"(u'v', u'ay')",hh,1
"(u'ih', u's')",n,7
"(u'ay', u'm')",t,4
"(u'ah', u'aa')",w,1
"(u'ay', u'ih')",r,3
"(u'r', u'ay')",f,2
"(u'm', u'uw')",b,1
"(u'k', u'eh')",k,2
"(u'p', u'l')",ih,2
"(u'm', u's')",ow,2
"(u'v', u'ow')",dh,1
"(u'n', u'r')",t,7
"(u'm', u'ih')",z,1
"(u'hh', u'jh')",iy,1
"(u'r', u'p')",eh,1
"(u'm', u'jh')",ae,2
"(u'ng', u'ay')",n,2
"(u'k', u'er')",p,2
"(u't', u'r')",ih,2
"(u'ng', u'ow')",z,1
"(u'w', u'f')",er,1
"(u't', u'ow')",n,25
"(u'd', u'd')",aa,1
"(u'iy', u't')",ey,6
"(u'n', u'l')",ow,1
"(u'iy', u'iy')",n,1
"(u'ih', u'l')",t,7
"(u'ah', u't')",s,53
"(u'iy', u'hh')",v,1
"(u'f', u'ay')",l,2
"(u'ay', u'l')",er,3
"(u'm', u'b')",ey,4
"(u'k', u'r')",eh,13
"(u'ey', u'ae')",f,5
"(u'd', u'aw')",n,4
"(u'ah', u'ow')",v,4
"(u'ey', u'dh')",t,3
"(u'b', u'f')",ay,2
"(u'p', u'ih')",w,3
"(u'dh', u'k')",ey,3
"(u'g', u'ih')",ow,12
"(u'aa', u'dh')",l,4
"(u'n', u'l')",ah,10
"(u'er', u'iy')",p,1
"(u'g', u'uw')",r,1
"(u'eh', u'th')",r,1
"(u'p', u'k')",ih,5
"(u'n', u'y')",el,2
"(u'uw', u'eh')",dh,2
"(u'n', u'd')",ey,1
"(u'ae', u'ah')",d,1
"(u'r', u'er')",p,1
"(u'y', u'r')",ih,15
"(u'd', u's')",uw,1
"(u'er', u'sh')",l,2
"(u'er', u'ae')",dh,2
"(u'd', u'uw')",t,15
"(u't', u'g')",iy,1
"(u'b', u'ey')",r,4
"(u'd', u'hh')",uw,1
"(u'ae', u'd')",t,2
"(u'k', u'n')",ae,15
"(u'k', u'l')",ah,6
"(u'n', u'aa')",n,2
"(u'l', u'w')",ah,1
"(u'v', u'ow')",m,2
"(u'eh', u'k')",r,6
"(u'g', u'd')",uh,7
"(u'ay', u'ih')",s,6
"(u'r', u't')",ey,2
"(u'er', u'hh')",z,2
"(u'm', u't')",ae,6
"(u'v', u'er')",hh,1
"(u'p', u'ae')",hh,1
"(u'ow', u'aa')",m,2
"(u'r', u'eh')",ow,1
"(u'ay', u's')",ay,1
"(u'ow', u'ey')",w,2
"(u'z', u'ah')",m,3
"(u'ey', u'eh')",dh,1
"(u'ay', u'w')",l,2
"(u'm', u'ae')",ay,2
"(u'er', u'd')",n,1
"(u'r', u'l')",iy,13
"(u'ay', u'aa')",g,4
"(u'ow', u'l')",ay,1
"(u'n', u'n')",uw,1
"(u't', u'w')",ay,3
"(u'z', u'ow')",dh,2
"(u'iy', u'aa')",k,4
"(u'r', u'ih')",ey,1
"(u'd', u'ae')",iy,1
"(u'd', u'd')",ih,12
"(u'z', u'ow')",n,2
"(u'ey', u'eh')",g,1
"(u'ow', u'n')",r,5
"(u's', u'ay')",p,2
"(u'ch', u's')",ah,1
"(u'p', u'n')",ih,4
"(u'ih', u'd')",v,5
"(u'd', u'n')",aa,2
"(u'l', u'ah')",iy,4
"(u'd', u'er')",aw,2
"(u'eh', u's')",m,2
"(u'uw', u'hh')",z,2
"(u'n', u'r')",ih,2
"(u'ae', u'hh')",v,1
"(u'uw', u'ae')",dh,8
"(u'n', u's')",el,3
"(u'k', u'r')",ow,3
"(u'z', u'ah')",t,2
"(u'm', u'k')",ey,4
"(u'er', u'ah')",z,1
"(u's', u'dh')",t,8
"(u'uh', u'iy')",d,2
"(u'er', u'aa')",b,2
"(u't', u'eh')",uw,2
"(u's', u'uw')",d,1
"(u'd', u'ow')",g,4
"(u'iy', u'iy')",b,1
"(u'v', u'g')",ih,1
"(u'ow', u'ay')",d,1
"(u'ay', u'aa')",th,1
"(u'ey', u'ey')",d,1
"(u'k', u't')",ah,2
"(u'uh', u'en')",d,1
"(u'el', u'hh')",d,2
"(u'eh', u't')",t,5
"(u'r', u'ae')",n,1
"(u'd', u'v')",ey,2
"(u'n', u'ay')",z,3
"(u'ae', u'ch')",t,5
"(u'iy', u'uh')",g,2
"(u't', u'l')",ay,1
"(u'z', u'eh')",r,2
"(u'n', u'w')",ah,2
"(u'm', u'ah')",jh,3
"(u'oy', u'ow')",g,1
"(u'n', u'd')",ow,1
"(u'ah', u'm')",v,1
"(u'w', u'th')",ih,43
"(u'm', u'v')",ah,1
"(u'n', u't')",t,6
"(u'iy', u'uw')",p,1
"(u'ch', u'ey')",b,1
"(u's', u'm')",ey,4
"(u'ey', u'z')",n,2
"(u'ih', u'r')",n,1
"(u't', u'ih')",b,5
"(u'aw', u'eh')",b,1
"(u'ah', u'ae')",s,2
"(u't', u'k')",eh,2
"(u'ch', u'ow')",m,2
"(u'uw', u'iy')",dh,14
"(u'uw', u'uw')",ch,1
"(u'ow', u'ih')",l,2
"(u'er', u'r')",p,1
"(u'd', u'g')",ah,2
"(u'em', u'em')",hh,3
"(u't', u'k')",aa,8
"(u'ih', u'ey')",ng,1
"(u'ah', u'l')",t,1
"(u't', u'ey')",l,3
"(u't', u'g')",s,4
"(u'ng', u'uh')",g,2
"(u'p', u'iy')",r,1
"(u'iy', u'b')",k,2
"(u'ey', u't')",ih,3
"(u'd', u'ah')",d,2
"(u's', u't')",ah,1
"(u'er', u'ow')",jh,2
"(u't', u'n')",eh,9
"(u'm', u'n')",eh,5
"(u'n', u'iy')",p,3
"(u'r', u'd')",iy,16
"(u's', u'aa')",t,10
"(u'hh', u'uw')",y,2
"(u'd', u'p')",ay,2
"(u'ih', u'm')",z,3
"(u'n', u'w')",aw,3
"(u'r', u'm')",ah,15
"(u'd', u'hh')",z,2
"(u'n', u's')",d,9
"(u't', u'ey')",r,2
"(u'n', u'er')",aw,1
"(u'z', u'ow')",s,9
"(u'ae', u'hh')",n,3
"(u'd', u'ey')",s,2
"(u'er', u'ow')",hh,1
"(u'm', u's')",ah,4
"(u'iy', u'ay')",t,4
"(u'ah', u'iy')",b,2
"(u'eh', u'ih')",l,3
"(u'ey', u'eh')",er,1
"(u'ah', u'uw')",t,2
"(u'ih', u'v')",n,2
"(u'r', u'iy')",n,2
"(u'el', u'ih')",d,2
"(u'd', u'n')",ih,11
"(u'ah', u'n')",g,3
"(u'r', u't')",ay,32
"(u'ch', u'iy')",hh,1
"(u'jh', u'ih')",uw,1
"(u'ah', u'ey')",d,4
"(u'el', u'uh')",f,1
"(u'r', u'eh')",hh,1
"(u'iy', u'l')",z,1
"(u'ih', u'ow')",ng,2
"(u'iy', u't')",s,9
"(u'ah', u'ae')",r,2
"(u'z', u'd')",ay,3
"(u'aw', u'uw')",t,4
"(u'd', u't')",aa,1
"(u'ah', u'ay')",m,11
"(u't', u'f')",ey,3
"(u'g', u's')",eh,9
"(u'l', u'ih')",ay,2
"(u'ae', u'ih')",f,1
"(u'v', u'ow')",d,4
"(u'z', u'ae')",v,1
"(u'sh', u'w')",iy,2
"(u'v', u's')",d,2
"(u'g', u'l')",er,2
"(u's', u'jh')",ah,1
"(u'er', u'ae')",t,1
"(u'z', u'ah')",w,4
"(u't', u'l')",p,2
"(u'ah', u'aa')",n,6
"(u'd', u'dh')",z,1
"(u'iy', u'hh')",z,1
"(u'ey', u'd')",er,1
"(u'ah', u'ey')",n,2
"(u't', u'aa')",s,4
"(u'uw', u'ae')",f,1
"(u'd', u'er')",n,1
"(u'iy', u'v')",eh,1
"(u's', u'b')",t,6
"(u'l', u'b')",z,2
"(u's', u't')",eh,4
"(u'ah', u'w')",ay,1
"(u'ow', u'm')",ay,1
"(u'z', u'th')",ay,3
"(u'ng', u'ah')",w,2
"(u'ey', u'eh')",jh,1
"(u'k', u't')",aa,1
"(u'ah', u'm')",t,2
"(u'ih', u'ey')",z,3
"(u'ah', u'ch')",m,1
"(u'eh', u'ah')",f,1
"(u'ae', u'r')",v,1
"(u'ae', u'ah')",p,1
"(u'n', u'em')",iy,2
"(u'ih', u'ih')",z,10
"(u'ae', u't')",k,7
"(u'ah', u'ow')",m,7
"(u'iy', u'ih')",y,1
"(u'ey', u'er')",p,2
"(u'iy', u's')",el,2
"(u'r', u'aw')",n,4
"(u'ah', u'aa')",d,2
"(u'b', u'ch')",ae,1
"(u's', u'ow')",g,5
"(u'ay', u'ah')",s,3
"(u'v', u'eh')",y,5
"(u'ih', u'p')",z,1
"(u'n', u'k')",iy,1
"(u'v', u's')",z,1
"(u'r', u'ay')",iy,2
"(u'z', u'n')",ay,2
"(u'ah', u'l')",ah,1
"(u'k', u'sh')",ah,2
"(u'n', u'y')",z,1
"(u't', u'm')",er,3
"(u'ng', u'er')",t,1
"(u'ow', u'aw')",w,1
"(u'aa', u'l')",t,2
"(u'd', u'r')",ow,6
"(u'eh', u't')",m,3
"(u'l', u'z')",ih,2
"(u'jh', u'ng')",ih,2
"(u'iy', u'p')",k,1
"(u'm', u'v')",uw,19
"(u'uw', u'ow')",b,1
"(u'uw', u'v')",eh,1
"(u't', u'r')",aa,10
"(u'ih', u'k')",th,1
"(u't', u'n')",ae,20
"(u's', u'r')",k,4
"(u'n', u'b')",d,3
"(u'ae', u'dh')",d,1
"(u't', u'ay')",b,1
"(u'b', u'n')",ae,2
"(u'v', u'ih')",th,1
"(u'l', u'm')",ah,17
"(u'f', u'ow')",l,3
"(u'ih', u'n')",r,2
"(u'k', u't')",t,3
"(u'ey', u'k')",k,2
"(u'f', u'er')",ay,2
"(u'r', u'k')",iy,2
"(u'z', u'eh')",w,1
"(u'p', u'ah')",sh,4
"(u'n', u'b')",t,2
"(u'l', u'ih')",m,2
"(u'r', u'hh')",ch,1
"(u'iy', u'eh')",v,2
"(u'f', u'f')",ey,2
"(u'eh', u'w')",s,4
"(u'd', u'ah')",jh,3
"(u'ih', u'd')",r,1
"(u'v', u'aa')",er,4
"(u'p', u'm')",ah,1
"(u'd', u'g')",ih,1
"(u'jh', u'v')",uw,1
"(u'ih', u'ey')",f,2
"(u't', u'ow')",k,1
"(u'ng', u'd')",ey,1
"(u's', u'hh')",ah,1
"(u's', u's')",t,6
"(u'y', u'k')",uw,1
"(u's', u'ey')",ow,3
"(u'ih', u'iy')",s,1
"(u'aa', u'd')",r,8
"(u'n', u'er')",jh,2
"(u'p', u'p')",iy,11
"(u'ah', u'el')",p,2
"(u't', u'n')",ah,9
"(u'er', u'n')",ow,1
"(u'l', u's')",ih,5
"(u'em', u'eh')",y,3
"(u'k', u'r')",b,2
"(u't', u'k')",s,3
"(u'ih', u'hh')",r,2
"(u'z', u'iy')",r,3
"(u'ow', u'r')",th,1
"(u'aa', u'ih')",ch,2
"(u'ey', u'ow')",s,2
"(u'uh', u'jh')",d,1
"(u'y', u'ay')",ae,4
"(u'ay', u'ah')",ah,1
"(u'r', u'g')",iy,1
"(u'oy', u'ay')",r,1
"(u'ng', u'ih')",k,5
"(u'w', u'g')",iy,2
"(u'eh', u'm')",n,3
"(u'p', u'ey')",l,9
"(u'ah', u't')",p,2
"(u'ah', u'ah')",p,2
"(u'n', u'ah')",jh,5
"(u'jh', u'l')",eh,1
"(u'r', u'er')",ey,2
"(u'r', u'd')",ey,1
"(u'g', u't')",aa,10
"(u'z', u'v')",ow,1
"(u'w', u'v')",iy,7
"(u'ng', u'aa')",s,2
"(u'eh', u'w')",n,4
"(u'ih', u'ah')",th,5
"(u'm', u't')",aw,1
"(u'ih', u'eh')",m,2
"(u'z', u'd')",ey,1
"(u'd', u'aa')",hh,1
"(u'm', u'ah')",z,1
"(u't', u'jh')",el,1
"(u't', u'b')",ah,1
"(u'jh', u'm')",er,2
"(u'ey', u'uh')",w,1
"(u'hh', u't')",er,4
"(u'ae', u'aw')",t,2
"(u's', u'uw')",y,9
"(u'ey', u'ih')",w,2
"(u'ow', u'b')",z,1
"(u't', u'th')",iy,1
"(u'm', u'ay')",w,3
"(u'n', u'ae')",m,2
"(u'em', u'em')",h,4
"(u'ae', u's')",v,4
"(u'v', u'p')",s,1
"(u'ng', u'ae')",v,1
"(u'hh', u'z')",uw,1
"(u'ae', u't')",v,2
"(u'aa', u's')",k,2
"(u'z', u'ih')",w,2
"(u'ah', u'ay')",s,4
"(u'w', u'th')",ey,2
"(u'ay', u'ae')",d,2
"(u'ah', u'r')",s,1
"(u'er', u'n')",aa,1
"(u'n', u'eh')",n,1
"(u'ae', u'b')",t,2
"(u'en', u'f')",t,1
"(u'ah', u'ih')",v,4
"(u't', u'l')",ih,9
"(u'ih', u'en')",d,6
"(u'v', u'r')",k,1
"(u'm', u'r')",aa,3
"(u't', u'er')",hh,4
"(u'n', u'n')",t,19
"(u'ow', u'el')",r,1
"(u'k', u's')",ah,3
"(u'ih', u'iy')",t,6
"(u'r', u'ay')",ay,2
"(u't', u'r')",p,1
"(u'aa', u'dh')",n,10
"(u'eh', u'ae')",t,4
"(u'ay', u't')",k,2
"(u'm', u's')",ay,15
"(u'aw', u'ih')",th,1
"(u'ah', u'hh')",z,1
"(u'uw', u'ah')",jh,3
"(u'ih', u'sh')",ng,2
"(u's', u'hh')",ey,2
"(u'uw', u'ay')",z,2
"(u'ah', u'p')",m,7
"(u't', u'm')",ih,2
"(u'ay', u'g')",v,1
"(u'r', u'r')",ow,1
"(u'ae', u't')",p,2
"(u'p', u'ay')",f,2
"(u'n', u'p')",d,3
"(u'ey', u's')",n,2
"(u'd', u'ah')",w,2
"(u'ae', u'm')",t,5
"(u'uw', u'ae')",z,1
"(u'v', u'n')",ih,1
"(u'b', u'th')",ow,2
"(u'ow', u'r')",p,1
"(u'f', u'l')",uh,3
"(u'iy', u'b')",z,3
"(u'ae', u'aa')",z,2
"(u'uh', u'b')",t,2
"(u'ah', u'ih')",m,9
"(u'd', u'iy')",w,5
"(u'iy', u'ay')",ay,3
"(u'r', u'ae')",iy,1
"(u'ng', u'b')",ah,6
"(u'aa', u'hh')",d,1
"(u'z', u'k')",ih,1
"(u'ae', u'b')",v,4
"(u'd', u'dh')",er,2
"(u'uw', u'ae')",m,2
"(u'b', u's')",ah,16
"(u't', u'iy')",m,2
"(u'ng', u'ah')",jh,2
"(u'ah', u'dh')",v,18
"(u'f', u'v')",ay,5
"(u'ae', u'd')",ay,2
"(u'm', u'r')",p,2
"(u'ih', u'eh')",t,2
"(u'k', u'n')",ay,14
"(u'aa', u't')",ch,1
"(u'd', u'ow')",iy,2
"(u'iy', u'k')",ae,2
"(u'iy', u'ow')",sh,2
"(u'l', u'f')",ay,1
"(u'ey', u'f')",ae,1
"(u'd', u'dh')",iy,3
"(u'ey', u'b')",s,1
"(u't', u'r')",ow,6
"(u'ow', u'p')",ah,1
"(u'ih', u'hh')",d,1
"(u'r', u'm')",aa,5
"(u'y', u's')",uw,5
"(u'aa', u'w')",l,5
"(u'ey', u'ae')",hh,3
"(u'ah', u'ih')",d,10
"(u'ah', u'hh')",t,6
"(u'v', u'uw')",n,1
"(u'r', u't')",iy,2
"(u'dh', u'ih')",iy,4
"(u'ey', u'uw')",m,8
"(u'ow', u'b')",l,3
"(u'iy', u'r')",f,1
"(u'aw', u'ae')",dh,1
"(u'uw', u'aa')",v,2
"(u'k', u'l')",aa,4
"(u'k', u'w')",ay,2
"(u't', u'ay')",k,1
"(u'ih', u'el')",t,4
"(u'ng', u'v')",iy,1
"(u'd', u'ih')",l,2
"(u'ah', u'ay')",t,13
"(u'z', u'w')",d,1
"(u'ey', u'aa')",k,1
"(u'iy', u'er')",w,4
"(u'p', u'iy')",l,2
"(u'ow', u'ah')",l,18
"(u'b', u's')",ey,3
"(u'p', u'ae')",er,1
"(u'aa', u'eh')",jh,4
"(u'd', u'g')",er,2
"(u's', u'y')",t,2
"(u'ih', u'f')",n,6
"(u'ih', u'w')",t,11
"(u'ng', u'ay')",m,1
"(u'uw', u'ow')",y,2
"(u'k', u'hh')",t,2
"(u'iy', u'ih')",f,2
"(u'n', u'ih')",d,15
"(u'n', u'm')",d,11
"(u'r', u'd')",ay,2
"(u't', u't')",en,8
"(u'n', u'ay')",t,2
"(u'l', u's')",ah,3
"(u'ah', u'f')",n,2
"(u'n', u'r')",g,1
"(u'aa', u'hh')",r,2
"(u'uw', u'r')",d,1
"(u'ih', u'ae')",m,6
"(u's', u'ay')",ay,1
"(u't', u'iy')",r,4
"(u'n', u'ow')",m,1
"(u'iy', u'ay')",z,1
"(u'aa', u'aa')",th,2
"(u'b', u'd')",ah,9
"(u'eh', u's')",s,2
"(u'ay', u'w')",ay,3
"(u'm', u'ow')",ey,1
"(u'r', u't')",n,9
"(u'p', u'n')",aa,2
"(u'r', u'z')",ow,1
"(u'r', u'p')",iy,2
"(u'p', u'ay')",er,1
"(u'l', u'ay')",l,1
"(u'm', u'm')",eh,2
"(u'z', u'k')",eh,1
"(u't', u'hh')",uw,14
"(u'd', u'd')",ae,1
"(u's', u'iy')",t,6
"(u'aa', u'ah')",b,4
"(u'ay', u'ay')",l,2
"(u't', u'd')",er,2
"(u'm', u'ih')",r,3
"(u'r', u'r')",f,1
"(u'n', u's')",z,1
"(u'ey', u'ih')",n,4
"(u'f', u't')",uh,2
"(u'eh', u's')",l,3
"(u'eh', u'm')",t,2
"(u'r', u'v')",ah,4
"(u'ow', u'iy')",w,4
"(u't', u'l')",ah,2
"(u'd', u'ih')",ch,1
"(u'n', u'b')",ow,1
"(u'el', u'z')",ae,2
"(u'ay', u'w')",d,1
"(u'k', u'eh')",t,1
"(u'eh', u'n')",l,1
"(u'ih', u'ae')",t,4
"(u'ah', u'ow')",f,2
"(u'er', u't')",z,2
"(u'p', u't')",er,1
"(u'uw', u'n')",ih,2
"(u'v', u'y')",ey,1
"(u'eh', u'ah')",k,1
"(u't', u'ih')",m,2
"(u'iy', u's')",r,1
"(u'dh', u'g')",ey,1
"(u'uw', u'w')",s,1
"(u'ay', u'n')",v,2
"(u'n', u'm')",ay,2
"(u'eh', u'ae')",m,6
"(u'n', u'ay')",ow,4
"(u'ih', u'ey')",l,2
"(u'l', u'w')",s,1
"(u'ah', u'ay')",z,4
"(u'y', u'ay')",er,1
"(u'er', u'er')",g,2
"(u'ay', u'ah')",m,1
"(u'm', u'ay')",r,1
"(u'er', u'ih')",k,12
"(u'iy', u'eh')",b,2
"(u's', u'ih')",iy,3
"(u'b', u'm')",uw,2
"(u'ih', u'el')",k,6
"(u'er', u'ow')",g,3
"(u'n', u'ih')",hh,9
"(u'ae', u's')",k,3
"(u'uw', u'l')",p,1
"(u'm', u't')",ay,2
"(u'n', u'w')",t,3
"(u's', u'z')",ih,3
"(u'ow', u'iy')",r,2
"(u'ay', u'ih')",ow,1
"(u'aa', u'p')",t,2
"(u'k', u'ae')",s,2
"(u'aw', u'ow')",er,2
"(u'p', u'ih')",t,3
"(u'b', u'l')",ih,7
"(u'p', u'b')",el,1
"(u'ih', u'ah')",v,5
"(u'eh', u'r')",v,12
"(u't', u'ah')",uw,5
"(u'uw', u'ih')",r,3
"(u'aa', u'eh')",n,2
"(u'n', u'ae')",p,2
"(u'iy', u'ih')",ch,1
"(u'ow', u'ih')",d,2
"(u'aa', u'n')",n,1
"(u'm', u'eh')",ay,1
"(u'iy', u'ah')",v,3
"(u'm', u'p')",ah,4
"(u'iy', u'd')",l,2
"(u'el', u't')",s,1
"(u'd', u'ay')",r,3
"(u'm', u'ah')",iy,1
"(u'sh', u'l')",ah,1
"(u'y', u'jh')",uw,5
"(u'l', u'er')",y,2
"(u'v', u'uw')",y,1
"(u'iy', u'uw')",jh,1
"(u'ih', u'ey')",d,1
"(u'er', u'ae')",k,4
"(u'uh', u'hh')",d,5
"(u'p', u'z')",ah,6
"(u'k', u's')",ow,2
"(u'm', u'n')",iy,38
"(u'ae', u'en')",d,2
"(u'm', u'iy')",r,2
"(u'l', u'm')",iy,4
"(u'ey', u'ah')",b,1
"(u'm', u'd')",eh,1
"(u'w', u'dh')",er,2
"(u's', u's')",ah,7
"(u'iy', u'l')",b,1
"(u't', u'ae')",v,1
"(u'iy', u'ih')",v,4
"(u'uh', u'f')",d,1
"(u'eh', u'p')",m,1
"(u'ih', u'sh')",p,2
"(u'r', u'v')",ow,1
"(u'ow', u'ae')",f,3
"(u'dh', u'ah')",iy,12
"(u'v', u'ih')",s,1
"(u's', u'ah')",w,6
"(u'aa', u'k')",l,1
"(u'z', u'm')",ay,5
"(u'm', u't')",z,5
"(u'ng', u'th')",ay,1
"(u'n', u't')",s,3
"(u's', u'r')",th,2
"(u'ng', u'ay')",k,4
"(u'r', u'l')",p,2
"(u'p', u'aa')",el,2
"(u'dh', u'n')",ey,4
"(u'v', u'ae')",er,3
"(u'z', u'ow')",m,2
"(u'ae', u'ah')",n,4
"(u'y', u'r')",ow,8
"(u'ih', u'r')",p,2
"(u'iy', u's')",k,2
"(u'b', u'n')",ah,3
"(u's', u'k')",ay,1
"(u'ah', u'd')",m,6
"(u'w', u'l')",ay,4
"(u'k', u'ih')",r,3
"(u'iy', u'm')",n,1
"(u'm', u'ng')",ih,6
"(u'ah', u'ow')",t,2
"(u'ih', u'z')",l,1
"(u'ay', u'd')",l,9
"(u'z', u'ih')",s,3
"(u'm', u'm')",ah,8
"(u'ay', u'ow')",n,9
"(u'r', u'iy')",iy,1
"(u'ay', u'r')",g,8
"(u'iy', u'dh')",n,6
"(u'ch', u'hh')",t,1
"(u'ch', u'f')",iy,1
"(u'er', u'm')",z,1
"(u'ih', u'hh')",th,8
"(u'n', u'l')",p,3
"(u'ih', u'ae')",z,1
"(u'ah', u'ay')",ch,2
"(u'ey', u'aa')",jh,1
"(u'z', u'n')",ae,25
"(u'ah', u'b')",v,2
"(u'er', u'iy')",hh,1
"(u'n', u'z')",iy,2
"(u'r', u'n')",iy,1
"(u'n', u'aw')",t,2
"(u'ey', u'k')",ay,2
"(u'r', u'ih')",t,4
"(u'r', u'r')",aa,1
"(u'm', u'r')",g,1
"(u'th', u'm')",iy,2
"(u'ih', u'iy')",ng,1
"(u'l', u't')",ah,2
"(u'aa', u'ah')",n,7
"(u'ey', u'ih')",l,4
"(u'iy', u't')",ae,2
"(u'l', u'aa')",k,1
"(u'ih', u'eh')",th,1
"(u'iy', u'r')",ow,3
"(u'jh', u's')",eh,1
"(u'n', u'iy')",sh,8
"(u't', u'eh')",t,1
"(u'l', u'r')",d,2
"(u'p', u'ow')",r,6
"(u'd', u'k')",ey,12
"(u'ay', u'th')",f,1
"(u'n', u'w')",z,3
"(u'l', u'ae')",d,4
"(u'd', u'ow')",s,3
"(u'ng', u'b')",k,2
"(u'hh', u'r')",ih,23
"(u'd', u'f')",ae,2
"(u'iy', u'ih')",s,3
"(u'eh', u'ih')",t,11
"(u't', u'eh')",g,8
"(u'm', u'hh')",ay,3
"(u'iy', u'z')",ih,4
"(u'ow', u'er')",w,2
"(u'ay', u'ae')",ow,2
"(u'el', u'ae')",y,2
"(u'f', u'r')",ah,12
"(u'aa', u'ih')",n,3
"(u'p', u's')",ae,1
"(u'k', u'oy')",b,2
"(u'uw', u'uh')",p,2
"(u'uw', u'n')",aa,3
"(u'ng', u'er')",w,2
"(u'ow', u't')",s,8
"(u'ih', u'ah')",m,9
"(u'r', u'ae')",dh,2
"(u'iy', u'ae')",hh,9
"(u'v', u'ay')",r,1
"(u'el', u'z')",ih,1
"(u'ah', u'hh')",m,11
"(u'ey', u'd')",ch,1
"(u'n', u'oy')",b,2
"(u'ah', u'w')",m,6
"(u'er', u'dh')",z,2
"(u'er', u'l')",aa,7
"(u'ih', u't')",p,1
"(u'r', u'hh')",ow,2
"(u'ah', u'dh')",z,5
"(u'aa', u'er')",dh,10
"(u'm', u'ah')",w,1
"(u'ah', u'jh')",z,2
"(u'n', u's')",ih,2
"(u'uw', u'ay')",m,2
"(u'ay', u'ay')",ah,1
"(u'ow', u'ay')",m,5
"(u'hh', u'jh')",er,2
"(u'eh', u'z')",g,2
"(u'p', u'uw')",y,3
"(u't', u'm')",uw,6
"(u'b', u't')",ey,2
"(u'en', u'l')",t,1
"(u'iy', u'p')",s,2
"(u'v', u'n')",aa,2
"(u'n', u'p')",ae,2
"(u'd', u'ih')",uw,7
"(u'b', u'iy')",l,4
"(u's', u'd')",ih,2
"(u'ay', u'ey')",p,1
"(u'b', u'n')",aa,2
"(u'ah', u'hh')",v,5
"(u'iy', u'ay')",b,2
"(u'ih', u'm')",t,2
"(u'uw', u'aa')",k,2
"(u'ay', u'ow')",d,33
"(u'ow', u'jh')",r,2
"(u'ey', u'ih')",b,4
"(u'ay', u'ih')",m,2
"(u't', u'iy')",hh,7
"(u'm', u'l')",ih,4
"(u'ay', u't')",m,4
"(u'n', u'k')",el,2
"(u'ih', u'dh')",v,1
"(u'n', u'ae')",z,2
"(u'er', u'b')",s,2
"(u'ng', u'ay')",z,2
"(u'hh', u'r')",aa,10
"(u'm', u'uw')",y,2
"(u'z', u'g')",ey,1
"(u't', u'b')",ay,1
"(u'ae', u't')",s,7
"(u'v', u'ih')",z,1
"(u'n', u'th')",d,4
"(u'f', u'uw')",y,4
"(u'aa', u't')",n,9
"(u'n', u'th')",ay,1
"(u'th', u'z')",er,1
"(u'm', u'iy')",dh,4
"(u'ah', u'g')",p,4
"(u'dh', u'n')",iy,4
"(u't', u'ow')",s,9
"(u't', u'ih')",uw,3
"(u't', u'ih')",ow,1
"(u'v', u't')",d,2
"(u'n', u'iy')",dh,14
"(u's', u't')",k,2
"(u'ow', u'ng')",ih,16
"(u'm', u'aa')",t,3
"(u'm', u'ih')",l,2
"(u'ah', u'hh')",n,5
"(u'dh', u'm')",eh,9
"(u'en', u'r')",t,2
"(u'ng', u't')",ae,5
"(u'n', u'eh')",d,3
"(u'iy', u'd')",v,2
"(u'ay', u'l')",m,1
"(u'ah', u's')",n,5
"(u'hh', u'p')",iy,1
"(u'ah', u'y')",n,3
"(u'l', u'z')",er,1
"(u'ah', u'dh')",t,6
"(u'ay', u'ow')",ow,1
"(u'ih', u'ah')",r,6
"(u'ah', u'ae')",m,2
"(u'en', u'n')",eh,1
"(u'uw', u'ih')",m,2
"(u'ow', u'aa')",r,1
"(u'l', u'ih')",hh,2
"(u'n', u'sh')",ae,5
"(u'ng', u'g')",z,1
"(u'l', u'ih')",d,4
"(u'p', u'eh')",g,2
"(u'k', u'ng')",ih,16
"(u'z', u'f')",ey,2
"(u'k', u'uw')",ch,2
"(u'ih', u'th')",t,1
"(u'eh', u'ah')",l,2
"(u'r', u'ah')",iy,3
"(u'b', u'ih')",iy,8
"(u'eh', u'jh')",n,2
"(u's', u'k')",ih,11
"(u'sh', u'ey')",dh,1
"(u'l', u't')",aa,5
"(u'ay', u'aw')",t,1
"(u'z', u'uw')",t,12
"(u'eh', u'iy')",r,19
"(u'k', u'ey')",s,2
"(u'n', u'v')",z,1
"(u'uw', u'z')",n,1
"(u'z', u'ae')",f,1
"(u'd', u'ih')",g,2
"(u'iy', u'n')",ow,1
"(u'ey', u'aa')",s,1
"(u'n', u'b')",jh,1
"(u'f', u'm')",ay,3
"(u'z', u'ey')",p,2
"(u'k', u'ae')",t,1
"(u'eh', u'k')",s,1
"(u'ih', u's')",l,2
"(u'ng', u's')",k,2
"(u'n', u'd')",t,3
"(u'eh', u'er')",dh,4
"(u'ey', u'n')",eh,2
"(u't', u'uw')",t,28
"(u'n', u'dh')",d,42
"(u'ih', u'aw')",ng,5
"(u'v', u'ay')",m,1
"(u'p', u'ah')",t,2
"(u'uw', u'ay')",w,1
"(u't', u'dh')",ah,1
"(u'f', u'er')",th,1
"(u'ah', u'ih')",n,8
"(u'jh', u'n')",aa,1
"(u'r', u'b')",aa,4
"(u'ay', u'th')",t,1
"(u'hh', u'n')",ah,2
"(u'aa', u'n')",r,7
"(u'ah', u'hh')",p,1
"(u'n', u'ah')",p,1
"(u'l', u't')",ow,1
"(u'el', u'er')",w,1
"(u'uw', u'ng')",ih,7
"(u'f', u'n')",ih,7
"(u'ah', u'l')",k,1
"(u'n', u'aa')",uw,1
"(u'ah', u'iy')",v,1
"(u'l', u'w')",ey,1
"(u'ey', u'hh')",g,1
"(u'iy', u't')",aw,2
"(u'w', u'n')",eh,24
"(u'v', u'r')",eh,16
"(u'n', u'b')",aw,6
"(u'ih', u'eh')",z,3
"(u'aa', u'ah')",l,5
"(u'd', u'v')",ow,4
"(u'ae', u'y')",f,1
"(u'n', u'iy')",t,6
"(u'sh', u'r')",ah,2
"(u'z', u'eh')",n,1
"(u'n', u'ae')",t,4
"(u'ng', u'er')",aw,1
"(u'p', u'ey')",iy,1
"(u'n', u'n')",d,6
"(u'z', u'ay')",m,2
"(u'ah', u'ey')",m,4
"(u'p', u's')",ah,1
"(u'er', u'l')",ow,1
"(u'hh', u'ae')",er,2
"(u'th', u'ay')",m,4
"(u'ae', u'ae')",z,2
"(u'ih', u'b')",k,2
"(u's', u'eh')",iy,1
"(u'ay', u'uh')",l,1
"(u'n', u'iy')",d,2
"(u'ng', u'n')",ay,2
"(u'd', u'ih')",m,1
"(u'n', u'hh')",aw,1
"(u'm', u'<')",>,2
"(u'w', u'm')",iy,3
"(u'r', u'l')",uw,2
"(u'uw', u'iy')",l,4
"(u'ay', u'dh')",k,4
"(u'ih', u'ih')",ng,10
"(u'l', u't')",ae,1
"(u'w', u'ch')",ih,2
"(u'ey', u'aa')",n,2
"(u't', u'w')",k,1
"(u'er', u'uw')",n,1
"(u'aw', u'hh')",er,1
"(u'ih', u'iy')",l,7
"(u'v', u't')",s,1
"(u'r', u'ng')",ih,5
"(u'iy', u'ih')",hh,2
"(u'ah', u'iy')",sh,2
"(u'ow', u'ae')",b,2
"(u'uw', u'hh')",l,2
"(u'ay', u'm')",ah,1
"(u'p', u'ih')",r,9
"(u'ih', u'k')",n,12
"(u't', u'ey')",er,1
"(u'ay', u'uh')",w,11
"(u'd', u'ih')",d,1
"(u'b', u'ey')",ay,3
"(u'ae', u'jh')",t,2
"(u'ae', u'el')",t,1
"(u'n', u'ae')",n,1
"(u'el', u'n')",eh,2
"(u'iy', u'ow')",s,4
"(u'ow', u'p')",s,4
"(u'ng', u'eh')",y,1
"(u'el', u'ah')",jh,1
"(u'n', u'ih')",w,7
"(u'ow', u'n')",p,1
"(u'd', u'th')",ay,13
"(u'd', u'ay')",t,3
"(u'el', u'ow')",s,2
"(u'iy', u'ih')",n,10
"(u'uw', u'l')",ey,1
"(u'n', u'b')",iy,1
"(u'n', u'em')",d,1
"(u'uw', u'ey')",t,3
"(u'd', u'eh')",w,2
"(u'er', u'd')",z,3
"(u'uw', u'ah')",n,2
"(u'w', u'ay')",er,2
"(u'aa', u'z')",m,2
"(u'z', u'ay')",n,1
"(u'iy', u'dh')",er,2
"(u'ae', u'ah')",t,4
"(u'ng', u'aw')",d,2
"(u'ng', u'hh')",k,5
"(u'z', u'z')",ae,2
"(u'm', u'iy')",hh,7
"(u'ae', u'k')",v,2
"(u't', u'n')",er,3
"(u'el', u'ih')",th,1
"(u't', u'aa')",iy,1
"(u's', u'v')",t,1
"(u'iy', u'p')",v,1
"(u'm', u'z')",ae,2
"(u'iy', u'ay')",w,3
"(u's', u'n')",aa,1
"(u'iy', u'ae')",m,2
"(u'y', u't')",uw,8
"(u'r', u'iy')",m,4
"(u'l', u'ay')",d,1
"(u'ih', u'th')",th,1
"(u'w', u'ch')",aa,3
"(u'iy', u'eh')",dh,2
"(u'ih', u'dh')",r,4
"(u'er', u'eh')",r,2
"(u's', u'l')",ay,1
"(u'ah', u't')",ch,2
"(u't', u'ow')",dh,1
"(u'v', u'p')",ow,1
"(u't', u'ow')",uw,1
"(u'iy', u't')",v,2
"(u'n', u'r')",eh,4
"(u'ae', u'm')",ah,1
"(u's', u'ah')",b,1
"(u'ah', u'el')",b,7
"(u't', u'b')",uw,9
"(u'ng', u'aw')",hh,5
"(u'b', u'sh')",oy,4
"(u'iy', u'z')",v,1
"(u'eh', u'iy')",d,4
"(u'k', u'd')",ay,2
"(u'd', u'ae')",b,4
"(u'z', u'k')",ae,2
"(u'd', u'd')",eh,1
"(u't', u'iy')",l,11
"(u'iy', u's')",z,1
"(u'ng', u'p')",k,4
"(u'ow', u'ow')",f,1
"(u'eh', u'd')",n,10
"(u'th', u'ng')",ih,71
"(u'v', u'ah')",s,2
"(u'ey', u'l')",v,2
"(u'eh', u'aa')",s,1
"(u'ae', u'g')",d,2
"(u'p', u'n')",ae,2
"(u'ey', u'ih')",y,3
"(u'd', u'aa')",k,1
"(u'ow', u'v')",eh,2
"(u'iy', u'ah')",jh,5
"(u'd', u't')",uw,1
"(u'k', u'iy')",hh,5
"(u'ey', u'ey')",z,4
"(u'ay', u'ae')",hh,1
"(u'z', u'iy')",n,1
"(u'iy', u'iy')",p,2
"(u's', u'eh')",t,4
"(u's', u'uw')",t,4
"(u'r', u'ih')",hh,1
"(u'l', u'k')",iy,1
"(u'aa', u'ow')",l,1
"(u'n', u'r')",d,3
"(u'uw', u'ay')",ay,1
"(u'uh', u'l')",d,1
"(u'eh', u'b')",m,3
"(u'w', u'n')",ah,14
"(u'f', u'iy')",dh,2
"(u'w', u'hh')",iy,4
"(u'v', u'ih')",hh,4
"(u'th', u'uw')",t,1
"(u'r', u'y')",iy,2
"(u'ay', u'ay')",ay,6
"(u'd', u'f')",ah,1
"(u'er', u'eh')",s,4
"(u'th', u'ah')",ah,1
"(u'ay', u'ah')",p,1
"(u'er', u'aw')",d,1
"(u'd', u'uw')",k,4
"(u's', u'ah')",t,15
"(u'd', u'b')",ah,1
"(u'r', u'ow')",f,4
"(u'aa', u'iy')",k,1
"(u'iy', u'er')",hh,2
"(u's', u'aa')",n,4
"(u'y', u'n')",ah,2
"(u'ey', u'n')",k,1
"(u'z', u't')",ih,8
"(u'hh', u'ih')",iy,2
"(u'dh', u't')",ae,75
"(u'th', u't')",er,3
"(u't', u'ih')",r,2
"(u'z', u'aa')",m,2
"(u't', u'y')",ey,3
"(u'k', u't')",s,5
"(u'r', u's')",t,8
"(u'p', u'ow')",g,2
"(u't', u'ow')",hh,4
"(u'iy', u'b')",ah,1
"(u'uw', u'er')",hh,4
"(u'r', u'y')",g,1
"(u't', u'd')",ah,20
"(u'ah', u'ay')",p,2
"(u'l', u'ng')",ih,6
"(u'v', u'ah')",p,1
"(u's', u'w')",t,1
"(u'ey', u'f')",t,1
"(u'ih', u'dh')",s,2
"(u'eh', u'aa')",r,2
"(u'l', u'k')",uh,8
"(u'd', u'ih')",b,2
"(u'n', u'aw')",n,2
"(u'ah', u'jh')",s,1
"(u'd', u'uw')",d,1
"(u'r', u'dh')",th,2
"(u'ey', u'r')",p,2
"(u'l', u'ow')",y,1
"(u'ae', u'd')",d,1
"(u'y', u'w')",uw,4
"(u'aa', u'ih')",m,3
"(u'ng', u'r')",p,2
"(u'd', u't')",ae,2
"(u's', u'ay')",m,1
"(u'z', u'z')",ih,1
"(u'ae', u'l')",n,2
"(u'uw', u't')",ih,1
"(u'ah', u'n')",n,2
"(u'er', u'ae')",z,1
"(u't', u'ae')",hh,27
"(u'n', u'k')",ah,2
"(u's', u'hh')",t,7
"(u'b', u't')",aw,14
"(u'n', u's')",t,14
"(u'er', u't')",ae,2
"(u'eh', u'z')",r,12
"(u'd', u'iy')",hh,7
"(u'b', u'ae')",el,2
"(u'w', u's')",eh,4
"(u'ch', u'n')",ey,2
"(u'm', u'ah')",b,25
"(u'ah', u'r')",p,1
"(u'm', u'ow')",n,1
"(u'ae', u'r')",t,1
"(u'iy', u'ay')",d,3
"(u'er', u'g')",ey,1
"(u'g', u'v')",ih,3
"(u'eh', u'ow')",d,1
"(u'z', u's')",ay,4
"(u'd', u'hh')",ey,3
"(u'ow', u'ah')",w,1
"(u'er', u'ih')",n,1
"(u'r', u'w')",t,1
"(u'f', u'z')",ey,1
"(u'uw', u'ow')",d,1
"(u'dh', u's')",ih,2
"(u'ih', u'ey')",t,1
"(u'eh', u'sh')",p,1
"(u't', u'b')",el,4
"(u'ih', u'ow')",t,2
"(u'ae', u'ch')",k,2
"(u'ay', u'n')",ae,3
"(u'ng', u'uw')",n,1
"(u'zh', u'n')",ah,1
"(u'f', u'z')",ih,3
"(u'eh', u't')",k,9
"(u's', u'n')",ah,21
"(u'el', u'w')",z,1
"(u'uw', u'ah')",zh,1
"(u'aa', u't')",l,1
"(u'th', u'p')",s,1
"(u'iy', u'm')",ay,4
"(u'ah', u'ay')",k,2
"(u'ow', u'er')",v,12
"(u'm', u'ah')",ey,2
"(u's', u'f')",ey,2
"(u'ow', u'el')",sh,2
"(u't', u'z')",ih,8
"(u'>', u'ah')",<,1
"(u't', u'uw')",y,1
"(u'dh', u'w')",iy,16
"(u'r', u'l')",ah,2
"(u'ng', u'r')",eh,2
"(u'ih', u'ah')",n,6
"(u'ey', u'aa')",er,1
"(u'iy', u'p')",z,1
"(u'ng', u'p')",ah,1
"(u'ih', u'd')",t,1
"(u'ay', u'ey')",m,3
"(u'd', u'r')",t,4
"(u'ae', u'ah')",f,2
"(u'ey', u'jh')",n,2
"(u'ay', u'aa')",m,7
"(u'uw', u'b')",z,2
"(u'r', u'iy')",dh,4
"(u't', u'k')",ay,3
"(u'r', u'ay')",r,1
"(u'eh', u'd')",r,1
"(u'th', u't')",aa,1
"(u't', u'n')",s,4
"(u'k', u'ah')",s,2
"(u'ay', u'd')",t,1
"(u'ih', u't')",s,16
"(u'r', u'th')",iy,7
"(u'k', u'z')",el,1
"(u'm', u'r')",t,2
"(u'iy', u'ah')",n,1
"(u'ey', u'm')",ah,5
"(u'z', u'n')",aa,4
"(u'r', u'ah')",z,2
"(u't', u't')",ow,2
"(u'th', u'r')",aa,2
"(u'w', u't')",ay,4
"(u'r', u'ey')",iy,5
"(u'ng', u'ow')",d,1
"(u'ay', u'w')",s,3
"(u't', u'ay')",iy,3
"(u'hh', u'ch')",er,2
"(u'ih', u'f')",r,1
"(u'n', u'd')",jh,1
"(u'y', u'r')",er,1
"(u'n', u'f')",d,5
"(u'd', u'f')",eh,5
"(u'k', u'g')",ah,1
"(u'ay', u'ih')",l,2
"(u'z', u'iy')",p,1
"(u't', u'ch')",ae,2
"(u'r', u'm')",iy,3
"(u'ay', u'ah')",hh,3
"(u'n', u'l')",ay,2
"(u'ih', u'ih')",s,3
"(u'n', u'w')",iy,1
"(u'm', u'iy')",s,2
"(u'm', u'ay')",m,2
"(u'd', u's')",ay,2
"(u'ow', u'eh')",v,2
"(u'iy', u'm')",eh,2
"(u'f', u'n')",ah,4
"(u'd', u'f')",aa,2
"(u'v', u'ih')",dh,1
"(u'ng', u'ow')",m,1
"(u'ih', u'l')",n,2
"(u'er', u'p')",s,5
"(u'ng', u'ah')",b,1
"(u'el', u'oy')",b,2
"(u'ae', u'dh')",t,10
"(u'ng', u'el')",g,1
"(u'aa', u'm')",m,2
"(u'w', u'p')",ay,1
"(u'dh', u'jh')",ey,4
"(u'uw', u'n')",ae,6
"(u'r', u'r')",z,2
"(u's', u'ih')",ow,4
"(u'd', u'h')",em,2
"(u'd', u'ae')",dh,5
"(u'w', u'ay')",ay,2
"(u'ih', u'b')",t,1
"(u'ih', u'g')",d,2
"(u'n', u'sh')",d,6
"(u'ow', u'z')",n,2
"(u'b', u'k')",iy,1
"(u'g', u'r')",aa,4
"(u'ih', u'ay')",ng,4
"(u'ae', u't')",z,1
"(u'ih', u'd')",n,12
"(u't', u'iy')",dh,15
"(u'en', u'hh')",t,1
"(u'r', u'ae')",uw,2
"(u'iy', u'ae')",v,3
"(u'ah', u'ch')",v,1
"(u'r', u'g')",ah,4
"(u's', u'ow')",p,7
"(u'k', u'sh')",ey,1
"(u's', u'uh')",l,1
"(u'ih', u'ow')",v,2
"(u'l', u'uw')",y,10
"(u'ah', u'aa')",p,2
"(u'ey', u'iy')",s,3
"(u'd', u'v')",ah,14
"(u'er', u'aa')",g,2
"(u'ih', u'iy')",r,3
"(u'n', u'hh')",ow,1
"(u'v', u'n')",ae,5
"(u'ae', u'ih')",v,3
"(u'n', u'ay')",aw,1
"(u'eh', u'ae')",r,5
"(u'ah', u'aa')",t,2
"(u'dh', u'ae')",iy,3
"(u'uw', u'ah')",k,4
"(u'dh', u'r')",eh,30
"(u'uw', u't')",s,1
"(u'f', u'eh')",r,2
"(u'z', u'ay')",k,1
"(u'iy', u'g')",eh,1
"(u'n', u'ih')",y,2
"(u'k', u'iy')",p,2
"(u'v', u'eh')",t,1
"(u'er', u'p')",ch,2
"(u'aa', u'm')",l,5
"(u'ih', u's')",z,3
"(u'k', u'ah')",ey,1
"(u'iy', u'aa')",g,1
"(u'ay', u'ih')",th,33
"(u't', u'l')",ey,3
"(u'k', u'p')",s,6
"(u'ay', u'n')",m,1
"(u'uw', u'ih')",th,1
"(u't', u'ih')",el,1
"(u'b', u'iy')",r,1
"(u'ey', u'p')",d,1
"(u'dh', u'sh')",iy,2
"(u'ae', u'ah')",ch,1
"(u'l', u'ah')",ow,1
"(u'ih', u's')",m,4
"(u'ah', u's')",z,4
"(u's', u'l')",eh,8
"(u'z', u's')",ey,3
"(u'ae', u't')",d,1
"(u'iy', u'eh')",g,2
"(u'dh', u'd')",er,2
"(u'ow', u'th')",r,5
"(u'aw', u'ae')",n,2
"(u'eh', u'er')",v,10
"(u'ah', u's')",m,4
"(u'ae', u'p')",m,2
"(u'ow', u'iy')",hh,6
"(u'd', u'ey')",dh,7
"(u'ih', u'jh')",z,2
"(u'p', u'aa')",r,11
"(u'ay', u'dh')",d,4
"(u'ih', u'ay')",t,3
"(u'l', u'd')",v,2
"(u'n', u'f')",s,2
"(u'ey', u'ih')",t,3
"(u'l', u's')",ey,4
"(u'r', u'k')",eh,6
"(u'r', u'ih')",s,1
"(u'n', u'm')",ow,4
"(u'uw', u'ow')",k,3
"(u'g', u'dh')",eh,4
"(u'ow', u'aw')",iy,2
"(u'aa', u'f')",l,3
"(u'er', u'iy')",d,2
"(u'r', u'p')",ae,2
"(u'v', u'r')",ow,2
"(u'iy', u'iy')",k,1
"(u'ae', u'aw')",d,2
"(u'ng', u'ow')",f,5
"(u's', u'm')",ih,6
"(u'ey', u'eh')",v,3
"(u'r', u'l')",eh,2
"(u'd', u'ih')",w,2
"(u'r', u'er')",d,1
"(u'm', u'ah')",hh,3
"(u'aw', u'b')",t,2
"(u's', u'r')",ow,5
"(u'eh', u'dh')",s,3
"(u'l', u'n')",er,3
"(u'uw', u'th')",ay,2
"(u'hh', u'v')",ae,38
"(u'er', u'iy')",sh,2
"(u'er', u'jh')",ih,1
"(u's', u'v')",iy,1
"(u'ae', u'w')",v,1
"(u'ey', u'b')",v,2
"(u'er', u'uh')",l,1
"(u'hh', u'd')",er,1
"(u't', u'n')",ey,1
"(u'ey', u'eh')",k,11
"(u'b', u'b')",ah,4
"(u'er', u'ay')",k,2
"(u'l', u'aw')",n,1
"(u'ey', u'ah')",s,4
"(u'y', u'aa')",uw,6
"(u'iy', u'l')",f,1
"(u'z', u'z')",ah,2
"(u'z', u'n')",ey,2
"(u't', u'ih')",k,2
"(u't', u'eh')",m,1
"(u'ae', u'ih')",l,2
"(u'l', u'k')",ey,1
"(u'ow', u'r')",eh,2
"(u'ah', u'p')",n,2
"(u'v', u'w')",k,2
"(u'z', u'n')",ih,10
"(u'er', u'n')",s,3
"(u'ey', u'ae')",t,2
"(u'th', u'n')",ih,1
"(u's', u'ae')",t,6
"(u'f', u't')",ae,2
"(u'ae', u'eh')",n,5
"(u'b', u'd')",eh,4
"(u'v', u'b')",er,1
"(u'n', u'iy')",l,2
"(u'dh', u'v')",iy,2
"(u'v', u'uw')",t,2
"(u'ih', u'p')",ng,2
"(u't', u'ae')",er,4
"(u'iy', u'ch')",ey,1
"(u'aa', u'hh')",t,4
"(u'd', u'ay')",l,1
"(u'jh', u'r')",ah,8
"(u'z', u'ey')",uw,1
"(u'iy', u'w')",n,7
"(u'ey', u'y')",hh,2
"(u'ah', u'eh')",t,3
"(u'dh', u'z')",er,2
"(u'jh', u'n')",ae,6
"(u'd', u'ah')",ay,4
"(u's', u'ih')",hh,2
"(u'z', u'eh')",y,3
"(u'z', u'uw')",b,2
"(u'l', u'r')",iy,3
"(u'ch', u'ah')",p,1
"(u'r', u'r')",d,1
"(u'p', u'ow')",n,2
"(u'n', u't')",eh,2
"(u'ae', u'hh')",k,2
"(u't', u'eh')",ow,4
"(u't', u'k')",iy,1
"(u'ah', u'ah')",ch,1
"(u'ae', u'p')",t,1
"(u'ng', u'dh')",k,11
"(u't', u'f')",aa,2
"(u'ow', u'ih')",dh,1
"(u'r', u'ey')",dh,8
"(u'sh', u'hh')",iy,3
"(u'z', u'iy')",dh,3
"(u'ih', u'ae')",jh,2
"(u't', u'd')",el,4
"(u'ah', u'b')",z,5
"(u'jh', u'ih')",w,2
"(u'ah', u'r')",ow,1
"(u'ay', u'ow')",jh,1
"(u'm', u'l')",ay,4
"(u'ih', u'r')",g,1
"(u'dh', u'ch')",iy,1
"(u'ah', u'ay')",d,2
"(u'w', u'r')",eh,16
"(u'aw', u't')",t,3
"(u'dh', u'p')",er,1
"(u'v', u'r')",p,1
"(u'ow', u'p')",n,1
"(u'm', u'r')",ay,1
"(u'r', u'ow')",iy,2
"(u't', u'z')",iy,3
"(u'ey', u'ih')",g,1
"(u't', u'ch')",uw,1
"(u'hh', u'm')",ih,28
"(u'ow', u't')",z,5
"(u't', u'aa')",uw,2
"(u'sh', u'r')",ow,2
"(u'n', u'ih')",t,6
"(u'ah', u'ow')",s,5
"(u'r', u's')",ih,8
"(u'm', u'n')",ey,4
"(u'ih', u'ay')",z,3
"(u'ay', u'z')",l,1
"(u'ae', u'l')",g,2
"(u's', u'b')",ah,3
"(u'l', u'hh')",iy,1
"(u'ng', u'ey')",r,1
"(u'm', u'ih')",w,7
"(u'n', u'k')",ih,2
"(u't', u'ae')",jh,2
"(u't', u'ih')",p,2
"(u'v', u'l')",ae,8
"(u'n', u'hh')",er,1
"(u'ae', u's')",d,1
"(u'ah', u'w')",k,2
"(u'ow', u'ay')",hh,9
"(u'z', u'r')",eh,4
"(u'z', u'r')",aa,6
"(u'dh', u'd')",ey,4
"(u'k', u'f')",ih,1
"(u'z', u'iy')",sh,2
"(u'uw', u'er')",t,2
"(u'ay', u'aa')",s,2
"(u'er', u'iy')",w,2
"(u'v', u'ng')",ih,10
"(u'ow', u'hh')",n,2
"(u'ah', u'w')",p,1
"(u'ah', u'm')",s,1
"(u't', u'z')",ae,4
"(u'ow', u'ih')",s,2
"(u'm', u'jh')",ay,1
"(u'n', u'ah')",ow,2
"(u'uw', u'r')",aa,5
"(u'er', u'l')",eh,2
"(u'l', u'b')",ah,4
"(u'dh', u'k')",iy,12
"(u'er', u's')",ch,1
"(u'iy', u'ae')",k,4
"(u'ih', u't')",t,1
"(u't', u'er')",ay,1
"(u'ah', u'iy')",n,4
"(u'ng', u'p')",ow,2
"(u'y', u'l')",uh,1
"(u'r', u'r')",g,2
"(u'uw', u'r')",z,1
"(u'iy', u'b')",d,2
"(u'r', u'k')",ih,3
"(u'f', u'l')",eh,2
"(u'z', u'b')",ah,3
"(u'l', u'ih')",b,4
"(u'ih', u'k')",t,1
"(u'eh', u'ay')",s,4
"(u'ih', u'ae')",l,2
"(u'h', u'y')",em,2
"(u'z', u'k')",ey,2
"(u'ow', u'th')",l,1
"(u'eh', u'f')",s,1
"(u'r', u'm')",ay,4
"(u'ng', u'iy')",dh,3
"(u'dh', u'ay')",ow,1
"(u'f', u'k')",ih,2
"(u'f', u'ae')",dh,4
"(u'jh', u'r')",b,1
"(u'iy', u'ah')",m,4
"(u't', u'w')",uw,7
"(u'iy', u'ay')",f,3
"(u'n', u'ae')",aw,3
"(u'ch', u'dh')",t,2
"(u'iy', u'l')",aa,2
"(u'w', u'l')",ih,1
"(u'd', u'ah')",r,3
"(u'er', u's')",k,2
"(u't', u'eh')",s,2
"(u'em', u'm')",ah,1
"(u't', u'm')",eh,1
"(u't', u'ay')",ch,4
"(u's', u'n')",ae,16
"(u'aw', u'dh')",s,1
"(u'm', u'dh')",ah,5
"(u'ih', u'dh')",z,1
"(u'iy', u'ey')",d,6
"(u't', u't')",ae,6
"(u'r', u'v')",ae,2
"(u'ae', u'ah')",l,3
"(u'g', u'ah')",l,2
"(u'l', u'z')",ow,5
"(u't', u'm')",ay,34
"(u'ih', u'k')",s,3
"(u'eh', u'b')",r,1
"(u'g', u'ow')",n,3
"(u'ng', u't')",aw,4
"(u'm', u'er')",p,3
"(u'eh', u'p')",n,2
"(u't', u'ih')",y,2
"(u'p', u'dh')",el,1
"(u'f', u'er')",t,5
"(u'n', u'ih')",ow,18
"(u'w', u'ih')",ey,2
"(u'uw', u'b')",er,2
"(u'ah', u'g')",v,1
"(u'f', u'iy')",l,1
"(u'v', u'ow')",n,2
"(u'p', u'n')",eh,1
"(u'iy', u't')",ih,6
"(u'iy', u'l')",p,2
"(u'r', u'g')",ih,2
"(u'ng', u'ih')",w,1
"(u'ah', u'jh')",n,2
"(u'ih', u'b')",ng,1
"(u'ah', u'eh')",r,1
"(u'z', u'ae')",m,1
"(u'z', u'iy')",b,2
"(u'n', u'eh')",dh,3
"(u't', u's')",ae,2
"(u'iy', u'ah')",f,1
"(u'd', u'hh')",ow,2
"(u'aw', u'eh')",er,2
"(u'uw', u'iy')",b,5
"(u'ih', u'r')",t,2
"(u'ow', u'd')",l,7
"(u'ah', u'n')",m,3
"(u'uh', u'hh')",t,2
"(u'ey', u's')",l,2
"(u'aa', u'r')",t,1
"(u'ah', u'f')",t,2
"(u'n', u'm')",t,1
"(u'ah', u'ch')",l,3
"(u'ah', u'd')",d,2
"(u's', u'ae')",f,2
"(u'ae', u'ae')",t,5
"(u'ay', u'ng')",ih,2
"(u'aa', u'ah')",f,6
"(u'v', u'ey')",t,2
"(u'iy', u'dh')",ah,9
"(u'k', u'ay')",w,4
"(u'jh', u'ow')",ah,1
"(u'r', u'aa')",iy,2
"(u'l', u'ay')",k,1
"(u'l', u'd')",iy,7
"(u'r', u'sh')",eh,8
"(u'ae', u'm')",v,2
"(u'm', u'f')",p,2
"(u'm', u'uw')",s,2
"(u'f', u'ae')",jh,1
"(u't', u's')",uw,4
"(u'oy', u'm')",ah,1
"(u'm', u'ay')",z,4
"(u'ih', u's')",v,1
"(u'uh', u'ay')",d,1
"(u'eh', u'dh')",t,1
"(u'p', u'm')",el,1
"(u'l', u'v')",ah,8
"(u'ow', u't')",ih,8
"(u'ow', u'v')",ey,2
"(u'ah', u'r')",m,5
"(u'v', u'ay')",t,3
"(u'uw', u'ih')",l,6
"(u'k', u'ih')",s,3
"(u'ah', u'ae')",p,2
"(u'dh', u'p')",ey,1
"(u'z', u'ih')",r,1
"(u'ae', u'm')",z,5
"(u'b', u'ah')",oy,1
"(u'g', u'n')",eh,7
"(u'k', u'ow')",s,4
"(u'eh', u'n')",r,2
"(u'ih', u'ah')",k,14
"(u'f', u'n')",ow,2
"(u'ay', u'ae')",k,4
"(u'r', u'uw')",d,1
"(u'k', u'ih')",b,2
"(u'd', u'k')",iy,2
"(u'b', u'eh')",iy,1
"(u's', u'ow')",n,3
"(u'ih', u'l')",l,2
"(u'ey', u'd')",n,1
"(u'ay', u't')",ah,5
"(u'ih', u't')",k,4
"(u'iy', u'ih')",k,2
"(u'dh', u'm')",iy,2
"(u'sh', u'd')",iy,4
"(u'r', u'k')",el,1
"(u't', u'ow')",r,1
"(u'r', u'ah')",b,1
"(u'l', u'f')",d,1
"(u'ih', u'n')",ng,3
"(u'ch', u'n')",ae,1
"(u'v', u'w')",t,1
"(u't', u'k')",uw,8
"(u'k', u'z')",ih,3
"(u'ow', u'hh')",r,3
"(u'z', u'w')",ey,7
"(u'dh', u'k')",er,6
"(u'ah', u'aw')",b,14
"(u'ih', u't')",r,1
"(u'dh', u'g')",er,2
"(u'ay', u't')",ay,2
"(u'aa', u'ay')",d,2
"(u'hh', u'z')",iy,21
"(u'aa', u't')",t,3
"(u'n', u'd')",er,1
"(u't', u'ey')",d,1
"(u'ah', u'm')",z,1
"(u'eh', u'w')",r,9
"(u'r', u'ih')",d,4
"(u'n', u'm')",ah,6
"(u't', u'ey')",uw,2
"(u'n', u'l')",el,1
"(u'ah', u'm')",ch,2
"(u'r', u'en')",t,8
"(u'ow', u'n')",ey,1
"(u'd', u'ae')",f,2
"(u'iy', u'hh')",t,1
"(u'iy', u'ah')",ch,1
"(u'ay', u'ih')",k,3
"(u'k', u'n')",ah,12
"(u'ay', u'z')",d,1
"(u'ey', u'm')",eh,2
"(u'iy', u'ow')",g,1
"(u's', u't')",ae,3
"(u'hh', u'y')",em,1
"(u'eh', u'hh')",t,4
"(u'm', u't')",ih,5
"(u'm', u't')",ah,3
"(u'ih', u'ay')",f,3
"(u'ay', u'n')",eh,1
"(u'r', u'n')",ey,4
"(u'ae', u'ih')",p,2
"(u'ow', u'k')",r,4
"(u'jh', u'n')",ih,4
"(u'd', u'ay')",ay,1
"(u'ng', u'k')",k,3
"(u'l', u'jh')",ih,2
"(u'ey', u'r')",er,2
"(u'eh', u'ih')",d,3
"(u'ah', u'k')",n,1
"(u'iy', u'ih')",th,8
"(u'ih', u'ih')",t,13
"(u'ng', u'k')",ae,1
"(u's', u'm')",ah,23
"(u'm', u'z')",ah,1
"(u'r', u'f')",eh,1
"(u't', u'sh')",ih,4
"(u'b', u't')",iy,4
"(u'aa', u'm')",r,2
"(u'ay', u'ih')",f,2
"(u'ah', u'aa')",m,1
"(u'k', u'f')",ae,1
"(u'ey', u'm')",ay,3
"(u'n', u'ow')",g,1
"(u'iy', u'sh')",ey,1
"(u'n', u'n')",el,3
"(u'ay', u'z')",m,11
"(u'z', u'aa')",d,1
"(u'ih', u'er')",f,1
"(u'ih', u'd')",g,1
"(u'ih', u'f')",z,3
"(u'aa', u'z')",l,2
"(u'm', u'uh')",g,2
"(u'ah', u'ah')",d,10
"(u't', u'er')",aw,2
"(u'iy', u'ih')",r,3
"(u'er', u'd')",l,2
"(u't', u'sh')",ey,2
"(u'el', u'ay')",m,1
"(u'm', u'n')",ih,6
"(u'ah', u'f')",z,2
"(u'w', u'k')",iy,12
"(u'k', u'ah')",sh,6
"(u'ey', u'r')",ow,1
"(u'iy', u'ey')",p,3
"(u'ah', u'n')",ch,1
"(u'ay', u'w')",t,4
"(u'm', u'aa')",n,1
"(u'ow', u'b')",ah,2
"(u'n', u'ah')",s,8
"(u'ah', u'sh')",n,2
"(u'v', u'ah')",n,1
"(u'uw', u'n')",z,1
"(u'ih', u'ih')",f,4
"(u'ih', u'f')",th,1
"(u't', u'eh')",v,1
"(u'z', u'm')",ah,13
"(u'd', u'iy')",s,2
"(u't', u'th')",s,2
"(u'ay', u'y')",v,2
"(u'b', u'r')",oy,1
"(u'l', u'sh')",eh,1
"(u'n', u'er')",k,1
"(u'th', u'ae')",dh,2
"(u't', u't')",aw,3
"(u'ae', u'ow')",t,5
"(u'ih', u'ah')",zh,1
"(u'uw', u'm')",t,2
"(u'el', u'th')",ay,2
"(u'ey', u'aa')",hh,5
"(u'em', u'uw')",d,2
"(u'l', u'ih')",w,2
"(u'eh', u'ah')",n,2
"(u'ae', u'r')",n,1
"(u's', u'ah')",th,1
"(u'w', u'd')",iy,5
"(u'n', u'w')",el,1
"(u'eh', u'ay')",r,3
"(u'l', u'ow')",d,2
"(u'ae', u'k')",z,5
"(u's', u'hh')",iy,1
"(u'n', u's')",ey,2
"(u't', u'g')",ey,1
"(u'z', u'ow')",t,2
"(u'ch', u'l')",uw,2
"(u'aa', u'w')",t,1
"(u'uh', u'ih')",k,7
"(u'ih', u'ow')",n,2
"(u'aa', u'th')",n,2
"(u'ey', u't')",s,6
"(u't', u'r')",ay,2
"(u'r', u't')",ae,5
"(u'ah', u'ay')",w,2
"(u'dh', u'f')",iy,10
"(u'd', u'w')",k,2
"(u'ay', u'ae')",m,7
"(u'uw', u'n')",eh,2
"(u'iy', u't')",z,3
"(u'ey', u'ay')",d,1
"(u'm', u'p')",iy,3
"(u'n', u'dh')",ow,8
"(u'ng', u't')",ih,5
"(u'ow', u'd')",z,1
"(u's', u'd')",t,5
"(u's', u'v')",ey,1
"(u'iy', u'iy')",l,14
"(u't', u'p')",ey,2
"(u'iy', u'p')",aa,1
"(u'aa', u'm')",k,2
"(u'ae', u'y')",l,8
"(u'ah', u'ih')",p,4
"(u'l', u'n')",ih,4
"(u'iy', u'sh')",n,6
"(u'ih', u'z')",r,4
"(u'v', u'z')",ae,2
"(u'aw', u'b')",s,1
"(u'th', u'eh')",w,2
"(u'ch', u'dh')",ah,1
"(u'uw', u'ay')",d,1
"(u'uw', u'k')",s,2
"(u'ay', u'iy')",w,1
"(u't', u'eh')",w,7
"(u'n', u'ay')",iy,2
"(u'n', u'l')",d,2
"(u't', u'dh')",uw,17
"(u'ng', u'ih')",s,4
"(u'hh', u'm')",ah,3
"(u'ow', u'w')",r,2
"(u'k', u'aw')",n,2
"(u'ay', u'l')",ay,1
"(u's', u'ah')",ey,1
"(u'k', u'ow')",f,1
"(u'b', u'eh')",l,1
"(u'hh', u'b')",ay,2
"(u'p', u't')",el,1
"(u'ow', u'l')",n,1
"(u'g', u'd')",aa,2
"(u'n', u'iy')",hh,11
"(u's', u'ih')",w,6
"(u'uw', u'eh')",w,7
"(u'g', u'ow')",r,1
"(u'z', u'l')",k,5
"(u'aw', u'n')",ae,3
"(u'ey', u'ay')",m,1
"(u'k', u'l')",ey,1
"(u'z', u'ah')",b,11
"(u'hh', u's')",ay,3
"(u'l', u'eh')",r,1
"(u'f', u'l')",aa,1
"(u'n', u'ae')",dh,5
"(u'sh', u'jh')",iy,2
"(u's', u'eh')",p,4
"(u'hh', u'd')",iy,2
"(u'r', u'p')",ow,1
"(u'ih', u'th')",s,1
"(u'ih', u'w')",n,2
"(u'd', u'ay')",ey,1
"(u'ih', u'p')",f,1
"(u'ah', u'ay')",f,2
"(u'b', u'eh')",r,2
"(u'r', u'l')",ow,1
"(u'ay', u'eh')",d,2
"(u'uh', u'r')",d,2
"(u'd', u't')",s,4
"(u'ng', u'm')",ay,1
"(u't', u'er')",ch,1
"(u's', u'eh')",v,2
"(u's', u'uw')",k,8
"(u'ah', u'el')",n,12
"(u'ow', u'm')",n,1
"(u'n', u'iy')",m,2
"(u'eh', u'ay')",t,1
"(u'aa', u'm')",t,2
"(u'ey', u'ng')",ih,1
"(u't', u'uw')",d,5
"(u'eh', u'z')",d,2
"(u'ey', u'w')",z,2
"(u'ng', u'y')",k,2
"(u's', u'eh')",y,4
"(u'ae', u'b')",m,2
"(u's', u'ay')",t,1
"(u'v', u'ih')",b,8
"(u'ay', u'r')",m,2
"(u'dh', u'n')",eh,20
"(u'iy', u'th')",t,1
"(u'ow', u'n')",ih,2
"(u'z', u'eh')",dh,6
"(u't', u'ae')",s,5
"(u'ay', u's')",ey,3
"(u'm', u'y')",p,2
"(u'w', u'k')",er,18
"(u'aa', u'en')",t,1
"(u's', u'p')",iy,2
"(u'l', u'ey')",w,3
"(u'l', u'ay')",m,2
"(u'v', u's')",er,2
"(u'f', u'iy')",sh,2
"(u'l', u'd')",er,2
"(u'm', u'er')",w,4
"(u'ih', u'ae')",r,14
"(u'er', u't')",n,2
"(u's', u'l')",t,6
"(u'ah', u'ah')",m,13
"(u'el', u'v')",ow,1
"(u'th', u'iy')",r,8
"(u'z', u'aw')",n,1
"(u'er', u'uw')",d,1
"(u'k', u'ih')",w,6
"(u'ng', u'r')",t,1
"(u't', u'p')",ah,5
"(u'ah', u't')",m,6
"(u'ng', u'ih')",hh,4
"(u'n', u'n')",ih,7
"(u'k', u'eh')",dh,1
"(u's', u'hh')",em,2
"(u's', u'd')",ay,4
"(u'er', u'ae')",v,1
"(u'er', u'iy')",dh,4
"(u'l', u'b')",ay,1
"(u'ey', u'ah')",sh,10
"(u'l', u'v')",ih,7
"(u'ow', u'y')",r,5
"(u'n', u'ih')",th,3
"(u'd', u'n')",eh,3
"(u'hh', u'm')",ow,7
"(u'r', u'ih')",y,5
"(u'jh', u'r')",d,1
"(u'ae', u's')",n,2
"(u'b', u'b')",iy,1
"(u'v', u't')",ih,3
"(u'iy', u'y')",z,2
"(u'aw', u'ah')",z,2
"(u'd', u'ah')",p,1
"(u'ay', u'k')",k,1
"(u'l', u't')",ay,2
"(u'n', u'uw')",t,11
"(u'ow', u'ah')",sh,1
"(u'ey', u'eh')",s,4
"(u'iy', u't')",t,3
"(u'uw', u'uw')",t,5
"(u'dh', u's')",ey,7
"(u'n', u't')",ah,4
"(u'ay', u'w')",m,3
"(u'ow', u'iy')",sh,4
"(u'l', u's')",ae,2
"(u'er', u't')",s,2
"(u'ah', u'ow')",p,2
"(u'ih', u't')",l,1
"(u'w', u's')",iy,2
"(u'v', u'd')",ah,2
"(u'd', u'aa')",r,4
"(u's', u'f')",aa,4
"(u'aw', u'z')",er,3
"(u'd', u'w')",er,1
"(u'ey', u'ih')",er,2
"(u'z', u'ng')",ih,4
"(u'iy', u'v')",iy,1
"(u'd', u'eh')",r,2
"(u'ow', u'r')",ow,1
"(u'ay', u'ah')",b,2
"(u'z', u'er')",hh,4
"(u'ih', u's')",k,11
"(u'uw', u'ow')",s,2
"(u'en', u't')",t,7
"(u'ah', u'aa')",z,2
"(u'ah', u'dh')",ch,1
"(u'r', u'iy')",d,1
"(u'aa', u'n')",m,1
"(u'd', u'd')",ah,14
"(u'er', u'ow')",n,2
"(u'jh', u'eh')",dh,1
"(u'n', u't')",z,2
"(u'p', u'p')",ey,2
"(u'l', u'eh')",iy,2
"(u'er', u'w')",s,2
"(u'z', u'aa')",w,3
"(u'm', u'p')",ay,3
"(u'n', u'r')",th,1
"(u'z', u'uw')",y,8
"(u'p', u'l')",ae,2
"(u'k', u'ah')",w,1
"(u'n', u't')",ae,2
"(u'uh', u't')",k,1
"(u'ey', u'k')",er,1
"(u'k', u'ow')",l,7
"(u'ah', u'iy')",l,43
"(u't', u'w')",t,1
"(u'hh', u't')",aw,5
"(u'ey', u'ah')",t,5
"(u'ih', u'ey')",n,6
"(u'aa', u't')",p,2
"(u's', u'ih')",b,4
"(u'uw', u'iy')",s,2
"(u's', u'aa')",p,1
"(u'jh', u'p')",eh,2
"(u'uw', u'y')",z,3
"(u'k', u'r')",ah,2
"(u'uw', u'd')",z,4
"(u'th', u'm')",eh,1
"(u'aw', u'r')",n,2
"(u'iy', u'aa')",z,2
"(u'eh', u's')",r,1
"(u'ey', u'ah')",l,6
"(u'ow', u'ae')",z,1
"(u'r', u'ah')",m,3
"(u'ae', u'ah')",m,29
"(u'ey', u'ae')",jh,2
"(u'ey', u'eh')",t,2
"(u'th', u'ay')",s,1
"(u'b', u'ah')",l,4
"(u'eh', u'ah')",sh,2
"(u'eh', u'er')",p,2
"(u'w', u'jh')",iy,2
"(u't', u'd')",eh,1
"(u'el', u'r')",aa,2
"(u'ng', u'w')",z,2
"(u'ae', u'y')",v,3
"(u'l', u'n')",d,2
"(u'ih', u't')",m,2
"(u'ah', u'k')",m,2
"(u'p', u't')",aa,1
"(u'hh', u't')",iy,5
"(u'ah', u'>')",m,3
"(u'jh', u'b')",ow,3
"(u'l', u'f')",z,1
"(u'ay', u'ih')",p,2
"(u'ah', u'd')",n,15
"(u'er', u'n')",ih,4
"(u'v', u'l')",aa,2
"(u'eh', u'hh')",s,1
"(u'n', u'th')",ah,1
"(u's', u'm')",ow,9
"(u'er', u'ih')",jh,2
"(u'ey', u'y')",f,4
"(u'dh', u'ow')",iy,3
"(u'r', u's')",z,5
"(u'r', u'r')",eh,1
"(u'ih', u'v')",z,1
"(u'k', u'ey')",dh,3
"(u'm', u'ey')",m,1
"(u'p', u'r')",ow,17
"(u'm', u'r')",ow,12
"(u'er', u'k')",eh,1
"(u'k', u'v')",ah,1
"(u'ay', u'jh')",m,1
"(u't', u'ah')",b,3
"(u'ih', u'er')",z,1
"(u'ae', u'p')",v,3
"(u'm', u'eh')",m,2
"(u'iy', u'dh')",v,1
"(u's', u'ow')",t,7
"(u'b', u'g')",ih,3
"(u't', u'iy')",sh,1
"(u'k', u't')",el,2
"(u'p', u'hh')",s,2
"(u'l', u'l')",iy,6
"(u'er', u'uh')",f,1
"(u'z', u'ow')",g,1
"(u's', u'iy')",dh,6
"(u'r', u'hh')",iy,5
"(u'eh', u'ih')",m,2
"(u'k', u's')",s,1
"(u'ae', u'g')",v,1
"(u't', u'hh')",s,1
"(u'p', u'eh')",iy,2
"(u'hh', u's')",iy,4
"(u'k', u's')",el,1
"(u'ih', u'ih')",r,6
"(u't', u'v')",ih,5
"(u'aw', u'ih')",w,2
"(u't', u'ih')",w,5
"(u'aa', u'ey')",t,1
"(u'l', u'ih')",z,1
"(u'hh', u'nx')",aa,1
"(u'sh', u'n')",ah,48
"(u's', u'p')",t,3
"(u'n', u'n')",ah,2
"(u'iy', u'w')",ay,1
"(u'd', u'p')",ah,10
"(u'b', u'w')",el,1
"(u'eh', u'ah')",s,2
"(u'k', u'ih')",iy,1
"(u'ih', u'hh')",t,3
"(u'v', u'l')",ey,4
"(u'iy', u'n')",ae,12
"(u'd', u'n')",ah,8
"(u'th', u'l')",ow,2
"(u'd', u'dh')",ey,1
"(u'ah', u'dh')",n,5
"(u's', u'l')",aa,3
"(u'n', u'v')",ow,2
"(u's', u'n')",t,2
"(u'ih', u'ah')",l,1
"(u'eh', u'm')",sh,2
"(u'm', u'aa')",p,2
"(u'ay', u'l')",k,1
"(u'n', u't')",aa,18
"(u'y', u'l')",uw,2
"(u'l', u't')",ey,2
"(u'er', u'ah')",n,1
"(u't', u's')",ah,2
"(u'eh', u'eh')",sh,4
"(u'v', u'aa')",t,1
"(u'n', u'g')",t,6
"(u'm', u'p')",s,2
"(u'aa', u's')",l,8
"(u's', u'eh')",ey,2
"(u'ey', u'k')",z,1
"(u'l', u'p')",iy,2
"(u'er', u'eh')",dh,6
"(u'iy', u'd')",z,5
"(u'k', u'r')",k,1
"(u'v', u'aa')",g,6
"(u's', u'ay')",ow,5
"(u'b', u'ae')",iy,2
"(u'w', u'>')",aw,1
"(u'g', u'ah')",ow,1
"(u'ay', u'el')",t,1
"(u'dh', u'y')",ey,2
"(u't', u'aw')",n,7
"(u'f', u't')",ih,3
"(u'r', u'ay')",t,2
"(u't', u'w')",er,3
"(u'k', u'uw')",t,1
"(u'l', u'sh')",f,2
"(u't', u'b')",er,2
"(u'jh', u't')",ih,1
"(u'ae', u'ah')",sh,5
"(u'eh', u'ow')",r,4
"(u'iy', u'ey')",w,6
"(u'ow', u'z')",ih,1
"(u'm', u'ey')",d,2
"(u'ah', u'ow')",l,1
"(u'uh', u'th')",d,1
"(u'f', u'dh')",aa,10
"(u'aw', u't')",n,4
"(u'n', u'aa')",z,1
"(u'ow', u'g')",r,2
"(u'ih', u'ih')",l,1
"(u'dh', u'z')",iy,4
"(u'l', u'eh')",dh,1
"(u'm', u'uh')",l,2
"(u'v', u'ae')",z,1
"(u'n', u'r')",ey,1
"(u's', u'iy')",hh,5
"(u'iy', u'eh')",ow,1
"(u'iy', u'r')",d,2
"(u'sh', u'ay')",el,2
"(u'uw', u'sh')",ih,1
"(u'z', u'r')",ah,2
"(u'iy', u'iy')",w,7
"(u'd', u't')",iy,2
"(u't', u'uh')",f,1
"(u't', u'n')",uw,2
"(u'd', u'uw')",y,6
"(u'ch', u'ih')",er,2
"(u'z', u'aa')",f,2
"(u'n', u'ah')",d,29
"(u'er', u'ey')",d,3
"(u'iy', u'jh')",f,1
"(u'd', u'd')",ow,1
"(u'ah', u'sh')",k,2
"(u't', u'ay')",er,5
"(u'w', u't')",ih,6
"(u'd', u'm')",ay,6
"(u'ow', u'm')",ih,2
"(u'ih', u'aa')",k,2
"(u'ah', u's')",p,2
"(u'd', u't')",ah,1
"(u't', u'n')",ih,9
"(u'dh', u'eh')",ey,2
"(u'ih', u'd')",ng,5
"(u'aw', u'hh')",t,4
"(u'p', u's')",er,21
"(u'l', u'ah')",z,1
"(u'k', u'aa')",m,2
"(u'n', u'ah')",k,3
"(u'aw', u'eh')",w,1
"(u'l', u'ng')",aa,1
"(u'uw', u'ih')",z,2
"(u'd', u'z')",ah,1
"(u'm', u'ae')",f,1
"(u'ae', u'g')",n,2
"(u'd', u'ah')",z,2
"(u'ah', u'ey')",v,5
"(u't', u'ey')",w,2
"(u'l', u's')",d,1
"(u'ey', u'y')",z,2
"(u'iy', u'w')",r,1
"(u'eh', u'y')",s,12
"(u'aa', u'v')",l,2
"(u'ay', u'd')",d,1
"(u'ah', u'k')",v,3
"(u'p', u'ih')",n,1
"(u'ey', u'iy')",b,4
"(u'n', u'l')",aa,2
"(u'ng', u'iy')",f,2
"(u'r', u'ey')",d,1
"(u'uh', u'y')",t,2
"(u'p', u'ae')",r,4
"(u'ay', u'hh')",t,1
"(u'aa', u'ah')",s,2
"(u'n', u'v')",ih,2
"(u'ih', u'aa')",g,2
"(u'dh', u'aa')",er,1
"(u'ah', u'sh')",m,1
"(u't', u'eh')",y,2
"(u'z', u'ah')",jh,4
"(u'z', u'ae')",hh,5
"(u'er', u'uw')",hh,1
"(u'n', u'aa')",t,4
"(u's', u'b')",ey,3
"(u't', u'f')",iy,4
"(u'g', u't')",ow,7
"(u'sh', u'k')",s,1
"(u'w', u'n')",iy,4
"(u's', u't')",ay,3
"(u'b', u'm')",aa,1
"(u'f', u'k')",eh,1
"(u'th', u'iy')",dh,10
"(u'n', u'aa')",g,1
"(u'z', u't')",d,5
"(u'ah', u'ih')",z,12
"(u'd', u'k')",s,1
"(u'iy', u'sh')",d,1
"(u'eh', u'eh')",f,1
"(u'uw', u'ah')",v,1
"(u'er', u'm')",ay,4
"(u'ah', u'm')",ah,3
"(u'd', u't')",ih,5
"(u'g', u'ih')",n,1
"(u'n', u'er')",d,5
"(u't', u'ay')",l,9
"(u'p', u't')",uh,4
"(u't', u'v')",ah,17
"(u'er', u's')",d,1
"(u'n', u'r')",ow,7
"(u'd', u'b')",uw,1
"(u'ah', u'ay')",l,1
"(u'aa', u'g')",r,1
"(u'ih', u'ay')",v,1
"(u'ey', u'iy')",n,3
"(u't', u'r')",ah,3
"(u'er', u'eh')",f,2
"(u'ah', u'er')",n,4
"(u's', u'l')",ah,1
"(u'er', u'ah')",s,15
"(u'ah', u'iy')",s,1
"(u'iy', u'eh')",d,1
"(u'uw', u'f')",th,2
"(u'z', u'ah')",n,3
"(u'n', u'ah')",sh,1
"(u'l', u'f')",iy,2
"(u'h', u'd')",em,2
"(u'iy', u'ae')",f,9
"(u's', u'er')",th,2
"(u'ae', u'l')",t,1
"(u'k', u'd')",ah,1
"(u'aa', u'k')",r,2
"(u'z', u'ih')",v,1
"(u'k', u'iy')",dh,6
"(u'hh', u'dh')",aw,1
"(u't', u'ae')",dh,13
"(u'b', u'hh')",er,2
"(u'ow', u's')",eh,8
"(u'n', u'ay')",m,8
"(u'dh', u's')",iy,17
"(u'n', u't')",ih,15
"(u'aa', u'ah')",t,5
"(u'n', u'ah')",f,2
"(u'ih', u'dh')",jh,1
"(u'd', u'z')",ey,8
"(u'uw', u'w')",ah,1
"(u't', u'ah')",w,12
"(u'r', u'n')",ae,24
"(u'ih', u'w')",m,2
"(u'z', u'l')",ey,2
"(u'er', u'z')",ih,2
"(u'ah', u'eh')",jh,1
"(u's', u'ih')",d,3
"(u't', u'iy')",w,10
"(u'uw', u'iy')",hh,1
"(u'ng', u'v')",eh,4
"(u'w', u'd')",er,1
"(u'w', u'z')",ay,1
"(u'ng', u'aa')",z,1
"(u'w', u'n')",er,2
"(u's', u'ah')",jh,6
"(u'ng', u'b')",s,1
"(u'm', u'b')",z,2
"(u'ow', u'p')",m,1
"(u'ey', u'p')",t,1
"(u't', u'er')",uw,2
"(u'p', u'd')",er,2
"(u'aw', u'ih')",b,2
"(u's', u'n')",iy,4
"(u'r', u'dh')",uw,2
"(u'l', u'ae')",iy,8
"(u'ah', u'm')",d,2
"(u'ih', u'aa')",m,2
"(u'ng', u'w')",k,2
"(u'w', u'd')",uh,19
"(u'er', u'eh')",g,2
"(u'm', u'ay')",b,2
"(u'aa', u'ah')",m,1
"(u'aa', u'n')",t,3
"(u'eh', u'n')",s,3
"(u'ow', u'ow')",k,1
"(u'n', u'f')",t,2
"(u'er', u'n')",ae,15
"(u'er', u't')",d,1
"(u'g', u'uw')",y,1
"(u'uw', u'ae')",k,1
"(u'ah', u'uw')",jh,1
"(u'm', u'f')",aa,2
"(u't', u'uw')",r,5
"(u'r', u'ah')",uw,1
"(u'n', u'r')",p,1
"(u'd', u'aw')",hh,2
"(u'm', u'd')",ay,6
"(u'ng', u'iy')",sh,2
"(u'd', u'ih')",iy,4
"(u's', u'hh')",ow,6
"(u'hh', u'b')",aw,2
"(u'er', u'iy')",t,3
"(u's', u'ey')",dh,5
"(u't', u'aa')",l,1
"(u't', u'd')",ay,13
"(u'ah', u'iy')",t,14
"(u'ae', u'th')",d,2
"(u'eh', u'dh')",r,5
"(u'ah', u'y')",t,1
"(u'ih', u'aa')",v,1
"(u'm', u'l')",ey,2
"(u'd', u'ay')",f,1
"(u'k', u'ch')",ey,1
"(u'n', u'ey')",r,2
"(u'aw', u'ah')",b,5
"(u'ih', u'ey')",th,1
"(u'iy', u'aw')",hh,2
"(u'z', u'ae')",p,1
"(u'iy', u'd')",n,2
"(u'ih', u'p')",r,1
"(u'v', u'b')",d,4
"(u'm', u't')",iy,2
"(u'>', u'n')",<,2
"(u'f', u'n')",ay,4
"(u'n', u'ae')",d,4
"(u's', u'ey')",t,9
"(u'ih', u'dh')",th,12
"(u'k', u'eh')",el,2
"(u'v', u'ah')",d,4
"(u'ow', u'r')",g,4
"(u'ow', u'ah')",p,4
"(u'el', u'ih')",b,2
"(u'eh', u'ah')",t,3
"(u'z', u'jh')",ay,1
"(u'iy', u'aw')",n,1
"(u'm', u'ae')",hh,2
"(u'eh', u't')",l,2
"(u'n', u'th')",el,1
"(u't', u'v')",eh,3
"(u'r', u'f')",ae,1
"(u'r', u'ae')",f,2
"(u'g', u'ae')",z,2
"(u'b', u'k')",ih,13
"(u'iy', u'g')",ay,3
"(u'm', u'ah')",ay,4
"(u'r', u'ah')",w,1
"(u'th', u'ey')",dh,2
"(u'n', u'k')",eh,4
"(u'ih', u'y')",ng,1
"(u'd', u'ay')",k,2
"(u'el', u'ow')",k,2
"(u'ng', u'n')",aa,4
"(u'iy', u'l')",k,2
"(u'ay', u'p')",t,1
"(u'th', u'b')",ey,1
"(u'm', u'n')",ay,2
"(u'n', u'ae')",el,2
"(u'aw', u'ih')",t,3
"(u'n', u'f')",ow,1
"(u'd', u'ey')",d,2
"(u't', u'ey')",m,3
"(u'd', u'hh')",em,1
"(u'm', u'ay')",iy,1
"(u'b', u'l')",uw,1
"(u'p', u'ae')",el,2
"(u'l', u'iy')",sh,2
"(u'n', u'ow')",ow,1
"(u's', u'n')",eh,8
"(u'm', u'ae')",y,1
"(u'dh', u't')",iy,7
"(u's', u'aa')",ow,1
"(u'ay', u'er')",p,2
"(u'n', u'hh')",d,13
"(u'ch', u'l')",ih,2
"(u'dh', u'y')",iy,1
"(u'er', u'ey')",b,2
"(u't', u'w')",s,11
"(u't', u'w')",iy,7
"(u'ey', u'ey')",m,2
"(u'ch', u'ng')",ih,2
"(u'iy', u'eh')",w,11
"(u'ae', u'ey')",v,3
"(u'ng', u'uw')",t,14
"(u'aw', u'<')",>,1
"(u'hh', u'z')",ae,12
"(u'ah', u'th')",v,1
"(u'iy', u'ah')",k,12
"(u'ae', u'dh')",v,6
"(u'f', u'iy')",p,1
"(u'ae', u'n')",k,2
"(u'ay', u'r')",t,9
"(u'b', u'n')",ih,13
"(u'k', u'uh')",y,1
"(u'iy', u'f')",ih,1
"(u'r', u't')",d,4
"(u'aw', u'dh')",n,1
"(u't', u'ih')",f,1
"(u'd', u'r')",uw,3
"(u'w', u't')",ah,15
"(u't', u'aa')",b,3
"(u't', u'g')",ay,3
"(u'd', u'n')",ey,2
"(u'd', u'w')",ey,1
"(u'ih', u'dh')",sh,1
"(u'ow', u'ey')",k,3
"(u'uw', u'ih')",w,1
"(u'n', u'b')",ey,1
"(u'l', u'ae')",s,5
"(u'aa', u'v')",t,1
"(u'er', u'b')",ch,1
"(u's', u'ah')",s,1
"(u'uw', u'k')",z,2
"(u's', u'v')",er,1
"(u'w', u'b')",ey,2
"(u'n', u'w')",ow,3
"(u'v', u'ow')",g,1
"(u'ah', u'y')",v,4
"(u'ah', u'eh')",m,1
"(u'ah', u'dh')",l,2
"(u'ih', u's')",ng,9
"(u'd', u't')",ey,4
"(u'y', u'ah')",ae,1
"(u'k', u'w')",ow,2
"(u'r', u'n')",z,2
"(u'n', u'ow')",k,9
"(u'ow', u'v')",z,1
"(u'd', u'r')",p,7
"(u'n', u'y')",t,1
"(u'ay', u'ah')",jh,1
"(u'eh', u'f')",l,4
"(u'dh', u'm')",ey,12
"(u'd', u'ae')",ey,1
"(u'p', u'v')",ah,2
"(u'l', u'y')",d,2
"(u'th', u'ah')",s,5
"(u'en', u'g')",t,2
"(u'p', u'n')",ah,6
"(u'n', u'dh')",ah,1
"(u'ng', u'hh')",z,1
"(u'ah', u'iy')",th,1
"(u'n', u'ow')",t,1
"(u'ey', u'r')",th,2
"(u'b', u'p')",iy,1
"(u'iy', u'v')",ay,1
"(u'n', u'dh')",aw,7
"(u'ow', u'w')",ow,1
"(u'aa', u'y')",l,1
"(u'ah', u'n')",p,2
"(u't', u'n')",aa,7
"(u'uw', u'iy')",p,2
"(u'z', u'er')",w,3
"(u'k', u'dh')",t,1
"(u'm', u'th')",ay,4
"(u'd', u'eh')",uw,1
"(u'm', u'hh')",iy,2
"(u'ng', u'f')",eh,1
"(u'ay', u'n')",t,9
"(u't', u'eh')",r,2
"(u'sh', u'm')",iy,2
"(u'k', u'ae')",l,2
"(u'iy', u'f')",aa,2
"(u's', u'dh')",ow,7
"(u'ih', u's')",t,39
"(u'ow', u's')",r,6
"(u'm', u'l')",aa,4
"(u'aa', u'ae')",f,4
"(u's', u's')",ih,12
"(u'm', u'ay')",t,4
"(u'ay', u'k')",s,5
"(u'er', u'ey')",s,3
"(u'ay', u'ay')",t,7
"(u'l', u'm')",d,2
"(u'eh', u'ah')",r,8
"(u'eh', u'ay')",n,5
"(u'l', u'iy')",dh,6
"(u'd', u'n')",ae,11
"(u'ih', u'f')",ng,9
"(u'r', u'eh')",r,1
"(u'g', u't')",ah,1
"(u'l', u'r')",t,1
"(u'iy', u'ah')",t,2
"(u'ih', u'aw')",n,1
"(u'ae', u'dh')",n,1
"(u'n', u'ey')",dh,5
"(u'aa', u'dh')",t,2
"(u'dh', u'g')",iy,2
"(u'aa', u'aa')",t,6
"(u'ay', u't')",ih,2
"(u'ah', u'aw')",d,1
"(u'er', u'dh')",k,2
"(u'k', u'd')",s,2
"(u'r', u'jh')",aa,4
"(u'ow', u'f')",ae,1
"(u'ow', u'iy')",dh,6
"(u'aa', u'ah')",nx,1
"(u'iy', u'n')",eh,6
"(u'ah', u't')",z,1
"(u'l', u'ey')",dh,3
"(u'l', u'z')",iy,3
"(u'm', u'jh')",ah,1
"(u'ah', u'r')",v,2
"(u'b', u't')",ih,8
"(u's', u'd')",eh,2
"(u'z', u'eh')",v,6
"(u'ae', u'ey')",t,6
"(u'uw', u'dh')",z,1
"(u'uw', u'ah')",b,1
"(u't', u'iy')",s,1
"(u'ih', u'r')",d,1
"(u'l', u'd')",ah,6
"(u'ih', u'z')",v,2
"(u'n', u'hh')",iy,1
"(u'n', u'ay')",ay,1
"(u'ih', u's')",sh,1
"(u'er', u'ow')",d,1
"(u'ah', u'd')",t,2
"(u'iy', u'uw')",n,1
"(u'l', u'b')",ih,2
"(u'ng', u'n')",ih,5
"(u'ih', u'ah')",d,3
"(u'ey', u'ah')",p,2
"(u'aw', u's')",t,2
"(u'ae', u's')",t,14
"(u'b', u'k')",ae,4
"(u'k', u's')",aa,4
"(u'v', u'th')",aa,1
"(u'r', u'ae')",t,1
"(u'ay', u'eh')",m,2
"(u'r', u'l')",ey,1
"(u'p', u'w')",el,3
"(u'ay', u'ae')",f,2
"(u'b', u'l')",aa,2
"(u'y', u'zh')",uw,1
"(u'ih', u'ih')",m,5
"(u'aa', u'ow')",r,1
"(u't', u'd')",s,4
"(u'l', u't')",ih,5
"(u'y', u'ay')",uw,1
"(u'z', u'ih')",b,7
"(u'ay', u'ih')",z,1
"(u'ow', u'eh')",dh,3
"(u'r', u'ih')",th,1
"(u'ey', u'r')",b,1
"(u't', u'hh')",ow,1
"(u'v', u'eh')",dh,4
"(u'd', u'k')",uw,1
"(u'm', u'ow')",f,7
"(u'r', u'n')",aw,3
"(u'b', u'ih')",l,1
"(u'r', u'w')",iy,4
"(u'k', u'l')",t,2
"(u'z', u'z')",er,1
"(u'ih', u'p')",m,11
"(u'ah', u'g')",m,3
"(u'f', u'l')",iy,2
"(u'iy', u'n')",aa,3
"(u'ay', u'd')",n,17
"(u'ay', u'uh')",k,2
"(u'm', u'r')",z,1
"(u'm', u'eh')",dh,2
"(u'iy', u'hh')",n,1
"(u't', u'eh')",en,1
"(u'f', u'ah')",r,10
"(u'z', u'ah')",g,4
"(u'ah', u'sh')",t,1
"(u'n', u'uw')",n,2
"(u'uw', u'ay')",t,4
"(u'r', u'w')",z,1
"(u'd', u'ah')",b,4
"(u'ih', u'iy')",th,2
"(u's', u'ch')",er,4
"(u'v', u'ch')",iy,1
"(u'v', u'ih')",er,2
"(u'n', u'f')",aw,2
"(u't', u't')",ih,10
"(u't', u'aa')",p,1
"(u'f', u'ey')",dh,2
"(u't', u'g')",eh,1
"(u'jh', u'k')",ae,1
"(u'l', u'n')",eh,1
"(u'z', u'er')",l,1
"(u'm', u'er')",aw,1
"(u'sh', u'ah')",iy,1
"(u's', u'aw')",hh,1
"(u'aw', u'ey')",t,4
"(u'ih', u'ih')",th,1
"(u'r', u'n')",ah,19
"(u'jh', u'iy')",ow,2
"(u'r', u'r')",p,1
"(u's', u'ow')",s,2
"(u's', u'eh')",dh,6
"(u'l', u'd')",ow,2
"(u't', u'k')",ih,5
"(u'uw', u'ow')",g,3
"(u'k', u'ih')",er,1
"(u't', u'm')",ah,17
"(u'ey', u'ah')",w,1
"(u'uw', u'k')",l,1
"(u'v', u'ey')",ch,2
"(u'r', u'iy')",hh,6
"(u'm', u'ay')",k,2
"(u'd', u'ih')",s,2
"(u'p', u'eh')",r,8
"(u'ay', u'g')",ah,2
"(u'el', u'ah')",s,2
"(u'ae', u'aa')",t,3
"(u'dh', u'v')",ey,5
"(u'ih', u'ih')",k,1
"(u'aa', u'sh')",p,1
"(u'iy', u'ay')",l,4
"(u'm', u'l')",ah,30
"(u'aa', u'th')",l,1
"(u'iy', u'n')",ih,6
"(u'ah', u'l')",b,5
"(u's', u'er')",t,13
"(u'er', u'ih')",hh,4
"(u'p', u'jh')",ey,1
"(u't', u'f')",ih,3
"(u't', u'th')",ay,2
"(u'hh', u'ah')",em,1
"(u'n', u'ow')",f,2
"(u'ih', u't')",ng,15
"(u'ey', u's')",k,2
"(u'aa', u'ah')",k,2
"(u'ih', u'ah')",f,11
"(u'ae', u'ay')",r,2
"(u'iy', u'ih')",d,13
"(u't', u'em')",s,1
"(u'm', u'er')",b,2
"(u'r', u'v')",eh,3
"(u'ah', u'ah')",t,1
"(u't', u'er')",w,2
"(u'hh', u'th')",aw,1
"(u'ow', u'eh')",m,4
"(u'eh', u'dh')",n,2
"(u'ow', u'dh')",r,7
"(u'ow', u'w')",ay,4
"(u'ch', u'l')",ah,1
"(u'iy', u'ey')",s,4
"(u'sh', u'aa')",iy,2
"(u'n', u'er')",th,1
"(u'ow', u'ay')",s,2
"(u'el', u'eh')",p,1
"(u's', u'ae')",ay,1
"(u'k', u'ah')",p,1
"(u'p', u'ow')",s,2
"(u't', u'y')",uw,7
"(u'ow', u'ay')",l,1
"(u'iy', u'dh')",d,1
"(u's', u'r')",ah,2
"(u'ah', u'ih')",r,1
"(u'v', u'm')",ah,1
"(u'd', u'iy')",r,3
"(u'n', u'g')",ah,4
"(u'r', u'ae')",v,2
"(u'ah', u'dh')",s,5
"(u'n', u'er')",l,1
"(u'p', u'r')",eh,3
"(u'ih', u'ih')",ch,2
"(u'k', u'm')",ah,14
"(u'uw', u'aa')",hh,1
"(u'dh', u'd')",iy,3
"(u'ah', u's')",t,8
"(u'ih', u'b')",z,5
"(u'v', u'n')",ah,12
"(u'ih', u'v')",ng,1
"(u'ng', u'ae')",z,3
"(u't', u'p')",iy,4
"(u'g', u'er')",l,2
"(u'th', u'r')",ow,1
"(u'n', u'ay')",r,4
"(u'hh', u'k')",aa,1
"(u'ah', u's')",g,1
"(u'ey', u'l')",t,2
"(u'eh', u'iy')",n,13
"(u't', u'p')",s,3
"(u'ng', u'ae')",m,2
"(u'iy', u'g')",v,3
"(u'v', u'w')",d,1
"(u'r', u'z')",ey,4
"(u'ow', u'ah')",m,4
"(u'ah', u'p')",d,4
"(u'hh', u'z')",aw,2
"(u'ah', u'ey')",dh,4
"(u'ah', u'aw')",r,3
"(u'iy', u'ay')",k,2
"(u'k', u't')",ih,10
"(u'ae', u'b')",z,2
"(u'aa', u't')",k,1
"(u'f', u'm')",er,1
"(u'dh', u'ae')",er,7
"(u's', u'p')",ah,2
"(u'ay', u'ih')",d,2
"(u'hh', u'd')",eh,1
"(u'n', u'uw')",y,7
"(u'n', u'n')",ae,11
"(u't', u'aw')",d,2
"(u'ah', u'ow')",d,2
"(u'eh', u'el')",t,4
"(u'ih', u'aa')",l,1
"(u'l', u'er')",w,2
"(u'ey', u'ah')",jh,4
"(u's', u'ae')",w,3
"(u't', u'aa')",hh,2
"(u'd', u'ay')",m,8
"(u'ih', u'd')",l,4
"(u'ow', u'ey')",dh,2
"(u'n', u'ih')",s,4
"(u'ah', u'w')",t,4
"(u'l', u'w')",iy,9
"(u'ah', u'f')",m,5
"(u'n', u'aa')",er,1
"(u'ey', u'ae')",b,2
"(u'n', u'z')",uw,4
"(u'iy', u'v')",z,5
"(u'b', u't')",ah,37
"(u'ah', u'w')",s,1
"(u'er', u'er')",w,2
"(u'dh', u'aa')",ey,2
"(u'd', u'aa')",n,7
"(u'iy', u'k')",ay,2
"(u't', u'aa')",k,2
"(u'k', u'ae')",n,1
"(u'm', u'ay')",ow,2
"(u'ih', u'ey')",b,2
"(u'n', u'ey')",jh,1
"(u'ey', u'm')",s,2
"(u'r', u'ow')",k,2
"(u'n', u'l')",f,2
"(u'd', u'iy')",sh,7
"(u'l', u'hh')",er,1
"(u'eh', u'sh')",k,2
"(u'ah', u'ae')",t,4
"(u'ae', u'iy')",r,9
"(u'ih', u'er')",v,2
"(u'y', u'z')",uw,17
"(u'k', u'ae')",dh,7
"(u'ah', u'uw')",d,2
"(u'ow', u'ay')",b,1
"(u'ey', u'eh')",m,4
"(u'd', u'ah')",m,5
"(u'r', u'el')",iy,2
"(u'y', u'r')",ae,2
"(u'r', u'n')",aa,1
"(u'r', u's')",th,1
"(u'ow', u't')",n,45
"(u't', u'dh')",s,5
"(u's', u'm')",ay,2
"(u'iy', u'l')",eh,2
"(u'ow', u'ah')",z,1
"(u'l', u'ay')",iy,9
"(u'iy', u'ey')",dh,2
"(u'z', u'v')",ah,5
"(u'ae', u'ih')",n,5
"(u'd', u'b')",ih,2
"(u'd', u'd')",z,1
"(u't', u'ih')",d,1
"(u'uw', u'ah')",s,1
"(u'n', u'ow')",dh,2
"(u'l', u'l')",aa,1
"(u'ah', u'z')",n,14
"(u'dh', u'l')",iy,1
"(u'iy', u'er')",s,2
"(u't', u'ey')",f,1
"(u'eh', u'v')",l,2
"(u'r', u'r')",ih,1
"(u'eh', u'y')",r,2
"(u'iy', u'ih')",w,7
"(u'eh', u'sh')",n,3
"(u'ih', u'r')",b,2
"(u'f', u's')",ae,2
"(u'v', u's')",ih,1
"(u'g', u'n')",ah,4
"(u'ng', u'f')",k,1
"(u'oy', u'iy')",sh,4
"(u'ng', u'ah')",z,2
"(u'ae', u'ay')",t,13
"(u'v', u'ow')",y,1
"(u'iy', u'ae')",d,2
"(u'uw', u'g')",ae,2
"(u'n', u'ow')",jh,2
"(u's', u'm')",t,2
"(u'dh', u'dh')",iy,4
"(u'm', u'ow')",b,1
"(u'v', u'iy')",r,14
"(u'ng', u'k')",z,1
"(u'g', u'iy')",r,1
"(u'aw', u'd')",n,3
"(u'ay', u'hh')",v,1
"(u'ae', u'y')",z,2
"(u'ih', u't')",n,9
"(u'sh', u'z')",iy,15
"(u'dh', u'er')",ey,13
"(u'l', u'dh')",ah,2
"(u'ay', u'ah')",d,3
"(u'el', u'ae')",k,1
"(u'iy', u'er')",aw,2
"(u'eh', u'hh')",r,1
"(u'er', u'aw')",m,2
"(u't', u'jh')",s,6
"(u'n', u'aa')",v,2
"(u'ah', u'm')",p,2
"(u'ih', u'd')",z,1
"(u'aa', u'f')",r,2
"(u't', u'ae')",iy,1
"(u'd', u'iy')",dh,23
"(u'el', u'ay')",t,2
"(u'm', u'ih')",hh,2
"(u'ey', u'uw')",y,3
"(u'iy', u'r')",aa,1
"(u'g', u't')",ih,1
"(u'aa', u'hh')",n,3
"(u's', u'z')",ah,3
"(u'eh', u'uh')",sh,1
"(u'd', u'ae')",hh,8
"(u'ah', u'th')",m,2
"(u'eh', u'f')",r,4
"(u'm', u'ey')",dh,3
"(u'm', u'm')",aa,10
"(u'r', u'm')",uw,1
"(u's', u'r')",p,9
"(u'ng', u'l')",k,1
"(u'v', u'iy')",dh,11
"(u's', u'z')",ey,2
"(u'n', u'eh')",ow,4
"(u'hh', u'z')",ih,11
"(u'w', u'l')",eh,6
"(u'uw', u'iy')",n,2
"(u'p', u's')",aa,2
"(u'm', u't')",eh,8
"(u'l', u'ih')",th,2
"(u'ng', u'ae')",s,1
"(u'b', u'ay')",r,1
"(u'l', u'ih')",l,1
"(u't', u'v')",ow,5
"(u'ey', u'aa')",l,5
"(u'eh', u'k')",n,1
"(u'k', u'ah')",jh,1
"(u'm', u'l')",p,1
"(u'ih', u'm')",n,4
"(u'ay', u'ih')",w,1
"(u'iy', u'h')",em,2
"(u'eh', u'r')",r,1
"(u't', u'ih')",hh,11
"(u'z', u'ay')",d,1
"(u'd', u'n')",z,1
"(u'iy', u'aa')",w,5
"(u'z', u'ow')",y,2
"(u'r', u'ah')",k,8
"(u's', u'v')",eh,2
"(u'n', u'ay')",s,1
"(u'd', u'k')",ih,1
"(u'm', u'eh')",s,3
"(u'ah', u'dh')",m,7
"(u'l', u'n')",iy,2
"(u'iy', u'ae')",y,2
"(u'ah', u'r')",n,2
"(u'uw', u'eh')",g,8
"(u'ah', u'th')",n,7
"(u'n', u'z')",er,1
"(u'ay', u'l')",t,1
"(u'ae', u'ih')",jh,3
"(u's', u'ah')",p,1
"(u'k', u'er')",w,1
"(u'r', u'r')",t,3
"(u'ah', u'k')",z,2
"(u'ng', u'iy')",z,1
"(u't', u'ah')",d,1
"(u'w', u'w')",iy,10
"(u'ng', u'n')",ae,9
"(u'd', u'r')",th,2
"(u'ng', u'eh')",w,2
"(u'er', u'ih')",b,1
"(u'm', u'er')",f,1
"(u'aa', u'z')",n,2
"(u'm', u'f')",iy,1
"(u'iy', u'v')",ah,2
"(u'ae', u'sh')",k,2
"(u'ah', u'eh')",n,4
"(u't', u'ae')",r,1
"(u'ng', u'ih')",z,2
"(u'ah', u'ah')",s,1
"(u'eh', u'r')",k,1
"(u'ow', u'ih')",t,1
"(u'm', u's')",ih,4
"(u'dh', u'ay')",iy,1
"(u'l', u'eh')",w,2
"(u'ih', u't')",g,1
"(u'uw', u'uw')",m,2
"(u'ih', u'ah')",z,6
"(u'iy', u'aa')",t,1
"(u'ah', u'ae')",f,2
"(u'ih', u'hh')",m,3
"(u'm', u's')",ae,3
"(u'm', u'aa')",z,2
"(u'iy', u'ng')",ih,7
"(u'ow', u'v')",r,2
"(u'ih', u'ow')",p,1
"(u'iy', u'm')",ah,11
"(u'v', u'hh')",er,2
"(u'ch', u'z')",uw,1
"(u'en', u'm')",t,3
"(u'ae', u'z')",m,2
"(u'd', u'uw')",m,2
"(u'p', u'z')",ow,1
"(u'sh', u'p')",ih,2
"(u'f', u'r')",ow,32
"(u'n', u'p')",ah,2
"(u'l', u'sh')",ey,2
"(u'z', u'g')",ay,1
"(u'd', u'ay')",uw,3
"(u'iy', u'ah')",s,1
"(u'p', u'hh')",el,1
"(u't', u'p')",uw,7
"(u'ey', u'eh')",d,1
"(u'<', u'g')",ah,1
"(u'ah', u'eh')",g,11
"(u't', u't')",ah,3
"(u'iy', u'uw')",t,5
"(u'ae', u't')",ch,2
"(u'k', u'l')",uw,12
"(u'm', u'aa')",w,1
"(u'd', u'f')",ih,12
"(u'n', u'f')",iy,2
"(u'd', u'iy')",m,2
"(u'n', u'sh')",ih,3
"(u'n', u'l')",t,3
"(u'ih', u'm')",th,4
"(u't', u'ae')",m,1
"(u'th', u't')",s,1
"(u'r', u'n')",ih,9
"(u'r', u's')",ow,4
"(u's', u'ng')",ih,4
"(u'w', u'r')",iy,4
"(u'ay', u'el')",n,2
"(u'v', u'hh')",ow,3
"(u'eh', u'y')",m,1
"(u't', u'p')",ay,1
"(u'ay', u'eh')",w,3
"(u'er', u'ae')",s,2
"(u'<', u'k')",ow,1
"(u'z', u'ow')",b,2
"(u'aa', u't')",ng,1
"(u'ow', u'g')",ay,2
"(u'l', u'z')",v,2
"(u'ih', u'y')",n,2
"(u'iy', u't')",d,1
"(u't', u's')",er,2
"(u'l', u'v')",iy,11
"(u'uw', u'uw')",d,5
"(u'd', u'ih')",hh,6
"(u'ay', u'g')",k,1
"(u'w', u't')",iy,1
"(u'aa', u'l')",m,1
"(u'w', u'aa')",er,1
"(u'dh', u'hh')",er,1
"(u'ey', u'iy')",w,6
"(u'd', u'w')",iy,1
"(u's', u'ah')",ay,5
"(u'm', u'ah')",p,2
"(u'r', u'th')",uw,3
"(u'n', u'w')",ay,3
"(u'ah', u'ae')",v,4
"(u'n', u'w')",k,1
"(u'uw', u't')",th,1
"(u'ih', u'n')",z,3
"(u'<', u'ow')",n,2
"(u'l', u'aa')",iy,3
"(u'l', u'ow')",s,8
"(u'er', u'er')",k,2
"(u'eh', u'ey')",r,1
"(u'n', u'ah')",b,2
"(u's', u'w')",ow,4
"(u'er', u'ah')",w,3
"(u'd', u'eh')",b,1
"(u'm', u'ch')",ah,9
"(u'v', u'ae')",dh,8
"(u'er', u'eh')",n,2
"(u'dh', u'v')",er,1
"(u'iy', u'iy')",dh,3
"(u'ow', u'ay')",ay,1
"(u'ih', u'ih')",n,15
"(u'hh', u'z')",ah,3
"(u'd', u't')",en,9
"(u'ah', u'r')",t,2
"(u'r', u'r')",th,2
"(u'r', u't')",s,2
"(u'v', u'ow')",k,1
"(u'k', u'k')",iy,1
"(u'ey', u's')",t,3
"(u'ow', u't')",b,1
"(u'ay', u'n')",n,2
"(u'm', u'y')",z,2
"(u'f', u'eh')",y,1
"(u'ih', u'p')",n,4
"(u'd', u't')",aw,2
"(u'm', u'm')",ih,1
"(u'n', u'ey')",d,12
"(u'aa', u'w')",m,4
"(u'aw', u'eh')",dh,2
"(u'n', u'd')",iy,8
"(u'iy', u'dh')",z,5
"(u'iy', u'th')",n,1
"(u'd', u'd')",ay,12
"(u'ow', u'eh')",r,3
"(u'th', u'r')",th,1
"(u'z', u'ih')",hh,1
"(u'v', u'f')",er,2
"(u'ih', u'y')",l,4
"(u'er', u'ih')",d,1
"(u'ey', u'y')",d,1
"(u'eh', u'hh')",n,8
"(u'eh', u'y')",n,4
"(u'iy', u'k')",eh,3
"(u'hh', u'b')",er,4
"(u'r', u'l')",ih,3
"(u's', u'el')",n,2
"(u'sh', u'n')",uh,1
"(u't', u'ae')",ah,2
"(u'm', u'ae')",d,2
"(u'ay', u'g')",s,1
"(u'er', u'ae')",ch,1
"(u'ah', u'b')",d,2
"(u's', u'ay')",k,3
"(u'ow', u'ah')",s,2
"(u'iy', u'f')",z,5
"(u'ih', u'ah')",s,3
"(u'ay', u'iy')",d,1
"(u'eh', u'm')",d,1
"(u'p', u't')",ae,1
"(u'g', u'ah')",hh,1
"(u'el', u'ay')",l,1
"(u'ay', u'b')",m,1
"(u'ow', u'ae')",dh,3
"(u'n', u'er')",y,3
"(u't', u'm')",s,2
"(u'aa', u't')",r,15
"(u'z', u'd')",ah,1
"(u'f', u'ih')",hh,2
"(u'ay', u'ah')",w,8
"(u'ih', u'ey')",k,1
"(u'ey', u'ah')",v,2
"(u'uh', u'ih')",n,1
"(u't', u'ah')",r,12
"(u'n', u'aa')",hh,3
"(u'aw', u'r')",t,1
"(u'ey', u'er')",ch,1
"(u'p', u'aa')",t,2
"(u'g', u'ah')",t,1
"(u'v', u'hh')",ey,3
"(u't', u'jh')",ey,1
"(u'n', u'th')",uw,1
"(u'y', u'ih')",er,2
"(u'iy', u'r')",p,5
"(u'b', u's')",iy,1
"(u'ah', u'ah')",b,2
"(u'iy', u'z')",m,1
"(u'm', u'ay')",n,2
"(u'iy', u'ay')",m,3
"(u'm', u'ih')",th,2
"(u'n', u'ay')",uw,1
"(u'l', u'th')",d,1
"(u'r', u'ih')",k,2
"(u'iy', u'y')",n,5
"(u's', u'ih')",p,1
"(u'ay', u'ih')",b,1
"(u'r', u'k')",aa,1
"(u't', u'r')",eh,2
"(u's', u'ow')",k,1
"(u'z', u'ah')",ey,1
"(u'ow', u'm')",ah,1
"(u'ih', u'm')",ng,4
"(u'el', u'n')",ae,4
"(u'hh', u'eh')",iy,2
"(u'eh', u's')",t,2
"(u'd', u's')",z,2
"(u'iy', u'ae')",dh,7
"(u'eh', u't')",d,1
"(u'n', u't')",ay,4
"(u'ey', u'hh')",z,1
"(u'eh', u'eh')",l,3
"(u's', u't')",uw,2
"(u'ah', u'ey')",f,1
"(u't', u'k')",ey,4
"(u'th', u'uh')",f,2
"(u'ah', u'er')",l,2
"(u'l', u'n')",ae,1
"(u'dh', u'aa')",iy,1
"(u'r', u'm')",s,2
"(u't', u'ey')",dh,13
"(u'ey', u'er')",w,2
"(u'ey', u'ow')",f,2
"(u'ih', u'ae')",ng,15
"(u'v', u'd')",ay,1
"(u'ah', u'ih')",s,2
"(u't', u'v')",iy,1
"(u'uw', u'r')",ey,2
"(u'y', u's')",eh,21
"(u'hh', u'p')",ae,3
"(u'n', u'w')",th,2
"(u't', u'ay')",s,4
"(u's', u'ah')",m,2
"(u'ey', u'iy')",t,2
"(u'w', u'z')",ey,3
"(u't', u'l')",aa,7
"(u'ah', u'b')",n,4
"(u'dh', u'sh')",er,2
"(u'n', u's')",ow,4
"(u'ih', u'g')",n,1
"(u'th', u'ae')",f,1
"(u'd', u'n')",ay,1
"(u'eh', u'm')",r,1
"(u't', u'uh')",w,1
"(u'dh', u'eh')",iy,2
"(u'th', u'm')",ah,3
"(u't', u'ih')",th,9
"(u'eh', u't')",n,25
"(u'd', u'ah')",t,2
"(u'ah', u'er')",dh,18
"(u'r', u's')",ah,2
"(u's', u'd')",ow,1
"(u'n', u'f')",ih,3
"(u'eh', u'ae')",n,8
"(u'ae', u'k')",n,2
"(u'aa', u'ae')",m,4
"(u'iy', u'eh')",s,8
"(u'n', u'er')",t,8
"(u'n', u'p')",s,2
"(u'r', u't')",ah,3
"(u'n', u'dh')",uw,1
"(u'r', u'uw')",y,3
"(u'b', u'd')",ae,2
"(u'n', u'ay')",hh,4
"(u'k', u'ih')",k,2
"(u'ah', u'iy')",r,12
"(u'ay', u'aa')",f,3
"(u'ah', u'y')",m,4
"(u'sh', u'r')",eh,4
"(u'dh', u'hh')",iy,8
"(u'ih', u'ah')",ng,7
"(u'z', u'r')",t,4
"(u'z', u'ey')",dh,3
"(u'ey', u'eh')",w,2
"(u'er', u'ah')",t,1
"(u'n', u'ah')",y,2
"(u'hh', u'f')",ae,3
"(u'ey', u'b')",t,1
"(u'dh', u'z')",ow,4
"(u'ih', u'dh')",ng,8
"(u'ey', u'ih')",s,1
"(u'ah', u'ah')",l,3
"(u'iy', u'uw')",m,3
"(u'n', u'd')",ay,1
"(u'n', u'ah')",t,10
"(u'iy', u'aa')",hh,3
"(u'ah', u'ow')",g,3
"(u'uw', u'ae')",hh,9
"(u'd', u'dh')",uw,4
"(u'uh', u's')",d,4
"(u'r', u'iy')",w,6
"(u'aw', u'ey')",dh,3
"(u'ah', u'ih')",hh,1
"(u'm', u'g')",ay,11
"(u'n', u'aa')",f,1
"(u'd', u'ng')",ih,7
"(u'iy', u'n')",z,1
"(u'r', u'm')",ih,4
"(u't', u'r')",b,1
"(u'ow', u'ah')",th,1
"(u'ah', u'b')",m,27
"(u'ay', u'p')",ay,1
"(u'el', u'p')",s,1
"(u'ih', u'r')",ng,1
"(u'v', u'hh')",d,2
"(u'b', u'g')",oy,1
"(u'uw', u'd')",v,13
"(u'g', u't')",s,1
"(u'v', u'zh')",ih,1
"(u'ae', u'ae')",v,4
"(u'r', u'd')",eh,6
"(u'ah', u'ae')",z,5
"(u'm', u'f')",ay,3
"(u'iy', u'uh')",w,6
"(u't', u'n')",iy,1
"(u'ih', u'z')",d,7
"(u'd', u'aa')",f,5
"(u'ah', u'aw')",m,2
"(u'ay', u'eh')",s,4
"(u'ow', u'ah')",r,3
"(u'ah', u't')",v,3
"(u't', u'ay')",m,16
"(u'v', u'er')",p,1
"(u'er', u'ah')",jh,6
"(u'uw', u's')",l,1
"(u'ey', u'd')",m,2
"(u'r', u'ow')",s,2
"(u'm', u'jh')",er,2
"(u'd', u'uw')",r,1
"(u'n', u'ih')",sh,2
"(u'hh', u's')",aw,2
"(u'iy', u'er')",p,9
"(u'ey', u'ae')",k,3
"(u'ay', u'w')",n,2
"(u'n', u'n')",ay,2
"(u'z', u'sh')",ih,8
"(u's', u'uw')",m,2
"(u'ey', u'ae')",z,1
"(u'n', u'ae')",hh,2
"(u'ah', u'ow')",b,1
"(u'r', u'ah')",jh,2
"(u'ay', u'aa')",t,1
"(u'uw', u'uw')",l,2
"(u'uw', u'm')",ah,5
"(u'ih', u'hh')",n,7
"(u'eh', u'aa')",t,1
"(u's', u't')",ey,2
"(u's', u'ay')",r,1
"(u'iy', u'w')",d,2
"(u'ay', u'ay')",m,3
"(u't', u'ey')",iy,2
"(u'n', u's')",ae,2
"(u'iy', u'p')",ow,2
"(u'ow', u'd')",r,5
"(u'v', u'hh')",z,1
"(u'aw', u'ow')",f,2
"(u'd', u'ah')",iy,3
"(u'z', u'iy')",hh,2
"(u'ih', u'l')",s,1
"(u'ey', u'ow')",d,4
"(u't', u'f')",uw,1
"(u'ow', u'ih')",r,6
"(u'ow', u'ae')",s,1
"(u'n', u'iy')",s,1
"(u'ow', u'ow')",r,4
"(u'n', u's')",ah,5
"(u't', u'er')",s,3
"(u't', u'uh')",l,2
"(u't', u'm')",iy,4
"(u'ch', u'z')",ih,2
"(u'ey', u'ih')",z,2
"(u'ey', u'ey')",s,1
"(u'k', u'ih')",l,3
"(u'ih', u'hh')",k,2
"(u'ow', u's')",th,1
"(u'th', u'v')",ah,1
"(u'n', u'g')",ay,1
"(u'd', u'ey')",r,1
"(u'el', u'ae')",dh,1
"(u'el', u'aa')",t,1
"(u'ah', u'ah')",v,1
"(u'ay', u'ah')",l,4
"(u'er', u'oy')",b,1
"(u'aa', u'ow')",m,1
"(u'ah', u'ey')",z,8
"(u'k', u'ay')",r,1
"(u'ay', u't')",v,3
"(u'ih', u'l')",ng,1
"(u's', u'aa')",m,2
"(u't', u'ae')",k,1
"(u'ae', u'd')",n,178
"(u'z', u'uh')",l,1
"(u'aa', u'ih')",k,2
"(u'l', u'v')",eh,3
"(u'ah', u'ay')",n,3
"(u's', u'ay')",w,2
"(u'd', u'w')",ay,5
"(u'r', u'p')",aa,4
"(u'ow', u'ae')",r,2
"(u'k', u'eh')",g,1
"(u'm', u'eh')",r,1
"(u'ay', u'ey')",k,3
"(u'ay', u'ah')",ay,1
"(u't', u'ow')",d,5
"(u'l', u'k')",ay,18
"(u'z', u'l')",aa,3
"(u'w', u'ah')",ay,1
"(u'f', u's')",er,2
"(u'b', u'ow')",iy,1
"(u's', u'ih')",t,8
"(u'iy', u'iy')",t,2
"(u'd', u'ah')",ey,1
"(u'v', u'uh')",p,2
"(u'jh', u'l')",ey,1
"(u'd', u'm')",ah,9
"(u'n', u't')",iy,3
"(u'g', u'sh')",ow,2
"(u'iy', u'ow')",hh,7
"(u'r', u't')",ih,5
"(u'uw', u'w')",ay,2
"(u'er', u'hh')",ay,1
"(u'l', u'iy')",hh,1
"(u'n', u'hh')",t,8
"(u'ae', u'ay')",n,2
"(u'w', u'p')",er,1
"(u'ow', u'w')",z,1
"(u'p', u's')",ey,6
"(u'ih', u'dh')",n,4
"(u'd', u'n')",aw,7
"(u'y', u'g')",uw,2
"(u'k', u'iy')",r,3
"(u'ae', u'ay')",z,2
"(u't', u's')",iy,2
"(u'dh', u'l')",ey,2
"(u'l', u'ih')",iy,2
"(u'd', u's')",ey,1
"(u'iy', u'r')",ae,1
"(u'iy', u't')",ah,1
"(u'l', u'r')",ih,1
"(u'eh', u'p')",r,3
"(u'ey', u'ay')",z,2
"(u't', u'r')",iy,2
"(u'z', u'n')",ah,7
"(u'er', u'ay')",d,2
"(u'r', u'd')",ah,7
"(u's', u'n')",ih,9
"(u'n', u'er')",w,2
"(u'k', u'm')",ae,2
"(u'ey', u'ow')",n,1
"(u'ah', u'z')",m,9
"(u'aa', u'hh')",f,2
"(u'ah', u'n')",v,2
"(u'ih', u'w')",ng,7
"(u'd', u'p')",ey,1
"(u'k', u'ay')",s,1
"(u'd', u'r')",d,2
"(u'eh', u'ih')",r,5
"(u'm', u'ih')",d,4
"(u'ah', u'iy')",d,12
"(u'el', u'ah')",b,5
"(u'ah', u'w')",v,1
"(u'ih', u't')",z,2
"(u'n', u'ow')",d,1
"(u't', u'v')",s,2
"(u'w', u'dh')",iy,3
"(u'th', u'dh')",ah,2
"(u'f', u'm')",ah,8
"(u'ng', u'ae')",f,2
"(u'aa', u'ih')",l,3
"(u'hh', u'l')",ih,1
"(u's', u'er')",p,1
"(u'l', u'g')",iy,2
"(u'ih', u'm')",l,1
"(u'aw', u'iy')",dh,2
"(u'hh', u'f')",aw,1
"(u'k', u's')",er,2
"(u'm', u'iy')",ch,1
"(u'k', u'p')",ah,2
"(u'g', u't')",eh,24
"(u'y', u'ah')",uw,1
"(u'n', u'y')",d,2
"(u'uw', u'aw')",n,1
"(u'iy', u'w')",k,1
"(u'ey', u'dh')",er,1
"(u'iy', u'd')",ay,2
"(u'm', u'ae')",z,6
"(u'k', u'iy')",w,2
"(u'iy', u'f')",ey,2
"(u'er', u'm')",ah,4
"(u'ih', u'k')",ng,43
"(u'ey', u'g')",v,1
"(u'iy', u'ah')",z,4
"(u'ah', u'm')",m,5
"(u'uh', u'n')",d,5
"(u't', u'ey')",s,11
"(u't', u'v')",ay,1
"(u'd', u'ih')",th,6
"(u'ch', u'b')",ah,1
"(u's', u'k')",t,3
"(u'k', u'ah')",t,4
"(u's', u'aw')",d,2
"(u'ih', u'jh')",ng,2
"(u'n', u'g')",eh,1
"(u'p', u'b')",ah,1
"(u'n', u'aa')",d,1
"(u'sh', u'r')",iy,2
"(u'm', u'er')",n,1
"(u'p', u't')",ah,3
"(u'uw', u'eh')",ow,1
"(u'iy', u'l')",ow,2
"(u'l', u'z')",uw,2
"(u'ow', u'n')",ae,2
"(u'ng', u'l')",g,2
"(u'ae', u'ah')",r,1
"(u'r', u'z')",ae,4
"(u'ae', u'hh')",z,3
"(u'v', u'dh')",er,5
"(u'n', u'n')",ow,4
"(u'm', u'ow')",s,1
"(u'k', u'th')",s,3
"(u's', u'z')",iy,2
"(u'ey', u'd')",z,2
"(u'r', u'iy')",s,2
"(u'r', u'ae')",z,2
"(u'iy', u'n')",n,1
"(u'dh', u'p')",iy,9
"(u't', u'ow')",f,3
"(u't', u'ah')",k,2
"(u'ih', u'aa')",ng,4
"(u'hh', u'r')",em,1
"(u'v', u'n')",er,2
"(u'v', u'aw')",hh,2
"(u'ah', u'n')",ae,2
"(u'k', u'w')",ah,1
"(u'iy', u'ah')",d,6
"(u'ch', u'eh')",n,1
"(u'ey', u'w')",s,2
"(u'uw', u'z')",m,1
"(u'k', u'l')",ow,16
"(u'w', u'z')",ah,37
"(u'r', u'g')",ow,4
"(u'ah', u'm')",n,4
"(u'aa', u's')",p,2
"(u'g', u'b')",ow,1
"(u'ow', u'f')",ih,7
"(u'em', u'ay')",r,1
"(u's', u'ah')",n,1
"(u'l', u'dh')",iy,4
"(u'el', u'uw')",n,3
"(u'l', u'n')",ah,5
"(u'd', u'l')",ae,2
"(u'dh', u'ah')",er,4
"(u'ih', u'z')",ng,17
"(u'ae', u't')",f,5
"(u'ih', u't')",sh,2
"(u't', u'aa')",r,3
"(u'm', u'd')",ey,1
"(u'l', u'ow')",f,2
"(u'f', u's')",ey,1
"(u'aa', u'eh')",r,1
"(u'ey', u'uh')",g,1
"(u'ay', u's')",t,3
"(u'ae', u'k')",s,4
"(u'eh', u'aw')",d,1
"(u'eh', u'hh')",l,1
"(u'iy', u'sh')",z,2
"(u'uw', u'uw')",y,5
"(u'dh', u'w')",er,3
"(u's', u'k')",ow,2
"(u'z', u'y')",d,1
"(u'er', u'ah')",m,2
"(u'r', u'p')",ih,4
"(u'ey', u'th')",s,2
"(u'ae', u'ow')",p,2
"(u'iy', u'ow')",f,3
"(u'iy', u'iy')",m,2
"(u'ay', u'ae')",t,4
"(u'ih', u'ah')",t,3
"(u'm', u'ow')",p,8
"(u't', u'g')",ah,4
"(u'er', u'ay')",m,2
"(u'aa', u't')",s,4
"(u's', u'ay')",iy,1
"(u'z', u'ae')",dh,1
"(u'ah', u'ah')",n,22
"(u'el', u'ih')",w,4
"(u'ae', u'w')",t,12
"(u'w', u'd')",eh,2
"(u'ah', u'ah')",z,7
"(u'ae', u'hh')",t,11
"(u'k', u'r')",aa,1
"(u'z', u's')",iy,1
"(u'm', u'iy')",sh,1
"(u'aw', u'r')",f,1
"(u'r', u'ah')",t,13
"(u'er', u't')",ih,2
"(u'n', u'm')",ey,1
"(u'hh', u'l')",ow,7
"(u'r', u'ey')",z,2
"(u'm', u'ih')",b,1
"(u'hh', u'ow')",ay,9
"(u'hh', u'ae')",iy,1
"(u'n', u'ah')",z,4
"(u'z', u'm')",ih,3
"(u'dh', u'r')",iy,2
"(u'eh', u'ay')",d,2
"(u'm', u'iy')",w,2
"(u'th', u'ow')",k,1
"(u'ae', u'm')",d,1
"(u'iy', u'z')",ng,1
"(u'd', u'v')",ih,3
"(u'v', u'm')",d,1
"(u'n', u'f')",ah,2
"(u'f', u't')",er,1
"(u'ow', u'm')",r,7
"(u'aw', u't')",ih,1
"(u'eh', u'dh')",l,2
"(u'ey', u'dh')",s,1
"(u'p', u'n')",ay,4
"(u'uw', u'ow')",n,7
"(u'l', u'ow')",m,1
"(u'n', u'z')",ih,2
"(u'ah', u'l')",m,2
"(u'z', u't')",ae,3
"(u'n', u'k')",ow,1
"(u'ey', u'k')",ah,1
"(u'v', u'ah')",k,1
"(u'uw', u'p')",ah,1
"(u'z', u'ay')",f,2
"(u'n', u't')",d,7
"(u'aw', u's')",ay,1
"(u'm', u'ah')",ah,1
"(u'ih', u'ah')",sh,22
"(u't', u'eh')",dh,2
"(u'v', u'ih')",d,2
"(u'er', u'uw')",t,4
"(u'm', u'n')",ah,11
"(u'hh', u'l')",aa,3
"(u'ay', u's')",ow,5
"(u'n', u'f')",el,1
"(u'ih', u'y')",t,1
"(u'n', u'ow')",th,3
"(u'ah', u'ih')",t,7
"(u'ah', u'ae')",n,6
"(u'iy', u'b')",l,1
"(u'ih', u'er')",s,4
"(u'n', u'm')",aa,2
"(u't', u'ay')",r,13
"(u'r', u'eh')",w,2
"(u'aa', u'iy')",t,1
"(u'ah', u'n')",z,1
"(u'ah', u's')",v,1
"(u'uw', u'ih')",b,3
"(u'iy', u'r')",g,2
"(u'ey', u'ey')",dh,3
"(u'ow', u'eh')",d,2
"(u'k', u'n')",aa,3
"(u'l', u'k')",ah,2
"(u'b', u'v')",ah,2
"(u'ih', u'hh')",ng,9
"(u'ih', u's')",th,6
"(u's', u'r')",aa,2
"(u'ae', u'ey')",d,1
"(u'z', u'hh')",ey,2
"(u'jh', u'k')",eh,4
"(u'ay', u'b')",ah,2
"(u't', u'iy')",b,5
"(u'm', u'uw')",t,6
"(u'r', u'z')",d,2
"(u'm', u'jh')",ey,2
"(u'ow', u'r')",r,1
"(u'ow', u'ow')",n,2
"(u'ih', u'g')",ng,5
"(u'n', u'p')",t,3
"(u'er', u'ay')",f,1
"(u'n', u'hh')",ey,2
"(u'n', u'ay')",d,28
"(u'hh', u'w')",iy,21
"(u'ih', u'n')",g,1
"(u'z', u'aw')",hh,1
"(u'uw', u'z')",l,1
"(u'uw', u'r')",p,2
"(u'iy', u'ih')",t,4
"(u'm', u'n')",aw,2
"(u's', u't')",ih,3
"(u'n', u'eh')",w,3
"(u'ih', u'f')",m,2
"(u'r', u'k')",ae,6
"(u'v', u'jh')",ae,1
"(u'nx', u'k')",ah,1
"(u'n', u'ah')",l,2
"(u'm', u'eh')",ow,1
"(u'w', u'g')",er,1
"(u's', u'p')",eh,1
"(u'iy', u'ey')",m,5
"(u'z', u'r')",f,6
"(u'l', u'dh')",t,2
"(u'eh', u'y')",p,1
"(u'n', u'eh')",jh,2
"(u'n', u'k')",t,2
"(u'eh', u'r')",d,1
"(u's', u'f')",ow,3
"(u's', u't')",t,3
"(u'r', u'f')",iy,1
"(u'aa', u'ah')",r,3
"(u's', u's')",ay,1
"(u'z', u'ah')",hh,1
"(u'r', u'l')",f,2
"(u'k', u'uw')",y,2
"(u'ay', u'r')",b,1
"(u'aa', u's')",n,5
"(u'ow', u'th')",ay,3
"(u'ae', u'ey')",z,4
"(u'l', u't')",iy,1
"(u'iy', u'r')",t,5
"(u'ng', u'ow')",s,1
"(u'ah', u's')",d,2
"(u'ow', u'uw')",t,7
"(u'z', u'ae')",d,1
"(u'ng', u'ih')",d,2
"(u'dh', u'dh')",ey,3
"(u'iy', u'w')",z,4
"(u'ch', u'r')",p,1
"(u'iy', u'er')",f,2
"(u's', u'ae')",p,1
"(u'ah', u'w')",n,7
"(u't', u'l')",ae,1
"(u'l', u'b')",er,1
"(u't', u't')",uw,5
"(u'v', u'l')",er,1
"(u'd', u'eh')",dh,14
"(u'jh', u's')",ah,37
"(u'l', u'r')",ow,1
"(u'hh', u'ih')",aw,1
"(u'sh', u'er')",iy,2
"(u's', u'r')",f,1
"(u'ow', u'aw')",hh,1
"(u'n', u'er')",f,1
"(u'n', u's')",er,9
"(u'n', u'w')",d,6
"(u'ay', u'ih')",t,2
"(u'ow', u'iy')",b,1
"(u'r', u'b')",iy,1
"(u'w', u'l')",er,3
"(u'uw', u'ih')",v,4
"(u'ng', u'y')",z,1
"(u'ch', u't')",s,1
"(u't', u'k')",ae,1
"(u't', u'ng')",ih,24
"(u'ih', u'dh')",t,8
"(u'k', u'b')",ey,1
"(u'ih', u'n')",n,2
"(u'aa', u'y')",r,1
"(u'p', u'sh')",ey,4
"(u'd', u'n')",ow,45
"(u'er', u'l')",f,1
"(u'z', u'ey')",d,4
"(u'uw', u'er')",w,2
"(u'ay', u'uw')",d,3
"(u'eh', u'ah')",g,1
"(u'iy', u'ah')",w,22
"(u'ih', u'ay')",n,2
"(u'eh', u'em')",s,1
"(u'z', u't')",s,3
"(u'f', u'iy')",r,1
"(u'jh', u'r')",ow,1
"(u't', u'r')",th,1
"(u'w', u'n')",ih,2
"(u'g', u'th')",ow,1
"(u'ah', u't')",n,39
"(u'w', u'm')",ae,3
"(u'er', u'ih')",v,1
"(u'g', u'p')",el,1
"(u'd', u'l')",iy,1
"(u'p', u'r')",aa,1
"(u'z', u'iy')",w,1
"(u's', u'sh')",ow,5
"(u'uw', u'w')",jh,2
"(u'ay', u'r')",p,2
"(u'l', u'iy')",t,1
"(u's', u'jh')",er,4
"(u'z', u'ah')",s,3
"(u'iy', u'ae')",n,3
"(u's', u'ey')",p,4
"(u'm', u'eh')",y,2
"(u'l', u'ih')",s,2
"(u'iy', u'th')",ay,3
"(u'eh', u't')",s,7
"(u'd', u'ow')",n,1
"(u'er', u'ay')",ch,2
"(u'ay', u'ah')",k,2
"(u'dh', u'jh')",iy,1
"(u't', u'aw')",iy,2
"(u'n', u'ih')",jh,2
"(u'd', u'ih')",z,3
"(u'n', u'p')",z,1
"(u'iy', u'eh')",r,1
"(u'l', u'b')",iy,4
"(u'ch', u'ae')",dh,1
"(u'l', u's')",iy,1
"(u'eh', u's')",k,10
"(u't', u'g')",uw,9
"(u'eh', u'ah')",d,1
"(u'ey', u'p')",s,2
"(u'f', u'm')",ae,29
"(u'n', u'ah')",iy,2
"(u'ey', u'ae')",d,2
"(u't', u'eh')",n,1
"(u'v', u't')",ah,2
"(u'th', u'uw')",r,4
"(u'p', u'ow')",el,1
"(u'v', u'ah')",w,2
"(u'iy', u'ah')",p,1
"(u'ey', u'r')",aa,2
"(u'r', u's')",iy,5
"(u'k', u's')",ey,2
"(u'g', u'iy')",d,1
"(u'z', u'ah')",d,1
"(u'er', u'l')",ay,1
"(u'ow', u's')",v,1
"(u'k', u'ah')",k,1
"(u'v', u'k')",ae,1
"(u'ey', u'ih')",r,3
"(u'uh', u'r')",l,1
"(u'ch', u'ch')",er,2
"(u'd', u'eh')",s,1
"(u'er', u'ah')",k,1
"(u'k', u'y')",s,1
"(u'ah', u'r')",z,2
"(u's', u'f')",ih,1
"(u'ae', u'ih')",ay,2
"(u'aw', u'f')",er,1
"(u'k', u'm')",ay,2
"(u'b', u'z')",ih,2
"(u'er', u'f')",ay,2
"(u'uw', u'p')",s,1
"(u'r', u'er')",w,3
"(u'iy', u'el')",p,11
"(u'ih', u'dh')",m,2
"(u'n', u'th')",t,7
"(u'ey', u'ih')",k,1
"(u's', u'eh')",w,5
"(u'ow', u'f')",r,4
"(u'r', u'b')",t,2
"(u'v', u'l')",z,1
"(u'aw', u'd')",t,2
"(u'd', u'sh')",ih,9
"(u'aw', u'ah')",t,4
"(u'ay', u'p')",ah,2
"(u'dh', u'w')",ey,5
"(u'aa', u'ae')",r,4
"(u'k', u'b')",ah,2
"(u'er', u'l')",b,4
"(u'uw', u'aa')",z,3
"(u't', u'aa')",d,1
"(u'uh', u'er')",l,1
"(u't', u't')",iy,1
"(u'l', u'em')",d,2
"(u'y', u'n')",uw,10
"(u'l', u'n')",ey,4
"(u'uw', u'w')",l,2
"(u'ah', u't')",d,2
"(u'g', u'ae')",ow,1
"(u'n', u'eh')",t,5
"(u't', u'ah')",m,2
"(u'ih', u'w')",p,2
"(u'sh', u'ey')",iy,2
"(u'aa', u'ch')",r,1
"(u'ay', u'n')",ah,1
"(u'iy', u'iy')",r,2
"(u'z', u'ow')",k,1
"(u's', u'm')",aa,1
"(u'dh', u'hh')",ow,1
"(u'ey', u'ow')",hh,2
"(u's', u'd')",ey,3
"(u'z', u'ay')",t,1
"(u'k', u'ih')",t,6
"(u'aw', u'k')",t,2
"(u'ih', u'jh')",n,9
"(u'ey', u'ah')",k,5
"(u'iy', u'ch')",v,1
"(u's', u'm')",eh,3
"(u'eh', u'ay')",m,2
"(u'ow', u'w')",m,3
"(u't', u'ih')",s,14
"(u'l', u'r')",f,3
"(u'iy', u'ah')",b,3
"(u'ih', u'y')",k,1
"(u'ay', u'w')",k,3
"(u'ih', u'eh')",ng,7
"(u'k', u'z')",ah,11
"(u'iy', u'n')",ah,1
"(u'uh', u'k')",d,2
"(u'ah', u'ah')",k,1
"(u'dh', u'b')",iy,2
"(u'r', u'd')",m,1
"(u'eh', u'ih')",f,5
"(u'k', u'f')",ah,4
"(u'l', u'k')",ae,1
"(u'z', u'uw')",d,2
"(u'd', u'p')",ih,2
"(u'iy', u'uw')",z,2
"(u'er', u'ey')",z,2
"(u'w', u'sh')",ih,1
"(u'aw', u'ae')",hh,1
"(u'ay', u'v')",eh,2
"(u'iy', u'ae')",l,1
"(u'd', u'eh')",iy,5
"(u'd', u'z')",er,2
"(u't', u'd')",uw,8
"(u't', u'ey')",p,3
"(u'uw', u'eh')",l,1
"(u'aa', u'ih')",t,2
"(u'ih', u's')",r,1
"(u't', u'iy')",p,2
"(u'z', u'v')",ay,2
"(u'iy', u'ay')",r,4
"(u'eh', u'ae')",d,1
"(u'iy', u'ae')",z,2
"(u'n', u'ng')",ih,11
"(u'ah', u'eh')",w,2
"(u'p', u'ey')",r,4
"(u'm', u'uw')",m,2
"(u'n', u'g')",d,2
"(u'r', u'f')",ih,2
"(u'sh', u'm')",t,2
"(u'sh', u'ah')",m,2
"(u'ih', u'dh')",f,8
"(u'eh', u'ae')",s,1
"(u'm', u'm')",ay,13
"(u't', u't')",ey,7
"(u'w', u'd')",ay,2
"(u'iy', u'ow')",d,3
"(u'p', u'r')",ih,1
"(u'ae', u'ch')",d,1
"(u'ay', u't')",s,3
"(u'ay', u'ah')",t,3
"(u'n', u'v')",eh,6
"(u'r', u'z')",iy,4
"(u'uh', u'z')",d,2
"(u'f', u'n')",ae,4
"(u'th', u'ih')",hh,8
"(u'ae', u'ah')",k,1
"(u'th', u'ng')",iy,1
"(u'ay', u't')",n,1
